DAUID,Owner,Renter,Owner_with_mortgage,Renter_in_subsidized_housing
35200002,95,10,50,0
35200003,70,15,51,0
35200004,100,0,57,0
35200005,90,15,50,0
35200006,120,15,72,0
35200007,150,30,87,0
35200009,80,20,61,0
35200010,70,10,65,0
35200012,125,20,95,0
35200013,15,10,0,0
35200018,125,265,55,170
35200028,140,210,70,92
35200029,0,120,0,25
35200030,125,20,100,0
35200031,290,65,200,20
35200032,190,25,130,13
35200033,85,50,65,25
35200034,205,20,161,0
35200035,180,10,130,0
35200036,80,0,52,0
35200037,310,85,205,30
35200039,65,30,45,0
35200041,220,35,142,0
35200042,185,30,140,0
35200043,140,50,97,0
35200044,65,0,38,0
35200046,180,75,120,0
35200047,155,165,100,0
35200048,160,65,115,0
35200049,125,95,67,0
35200050,250,40,177,0
35200051,115,30,85,0
35200052,85,20,74,0
35200053,70,15,37,0
35200054,70,25,35,0
35200055,105,30,84,0
35200056,65,15,50,0
35200057,55,20,40,0
35200058,55,0,45,0
35200062,155,50,115,0
35200064,180,20,82,0
35200065,100,10,55,0
35200066,135,10,68,0
35200067,120,85,62,27
35200068,115,10,43,0
35200069,160,20,83,0
35200070,140,10,75,0
35200071,110,15,60,0
35200072,95,10,48,0
35200073,100,15,55,0
35200074,35,20,0,0
35200078,190,20,102,0
35200079,365,90,172,0
35200080,125,10,47,0
35200082,90,10,35,0
35200085,95,10,40,0
35200086,145,20,63,0
35200087,110,60,68,0
35200088,130,10,62,0
35200089,175,15,80,0
35200090,130,35,48,0
35200091,150,15,85,0
35200092,135,95,60,0
35200093,150,40,72,0
35200094,170,35,19,0
35200095,125,30,73,0
35200096,50,15,14,0
35200097,60,0,28,0
35200099,50,20,15,0
35200100,115,0,52,0
35200101,270,30,133,0
35200102,245,15,140,0
35200103,75,0,30,0
35200104,260,25,105,0
35200105,305,35,170,0
35200106,325,10,172,0
35200107,65,0,30,0
35200108,115,0,29,0
35200109,125,10,55,0
35200110,130,20,34,0
35200111,125,0,53,0
35200112,225,15,130,0
35200114,260,40,75,0
35200115,215,25,87,0
35200116,145,30,98,0
35200117,200,20,112,0
35200118,100,15,30,0
35200119,55,20,0,0
35200120,140,35,70,25
35200121,115,10,67,0
35200123,280,30,140,0
35200124,205,20,110,0
35200125,170,25,62,0
35200126,120,15,63,0
35200127,190,10,102,0
35200128,180,30,68,0
35200133,235,20,133,0
35200134,180,15,85,0
35200135,130,10,85,0
35200136,105,10,65,0
35200137,175,0,113,0
35200138,75,0,56,0
35200139,100,0,57,0
35200140,95,0,48,0
35200141,155,15,80,0
35200142,110,15,70,0
35200143,195,10,90,0
35200144,155,20,88,0
35200145,135,20,65,0
35200146,55,95,32,30
35200147,105,30,40,0
35200148,85,30,45,0
35200149,120,25,55,0
35200150,85,345,64,305
35200161,130,60,63,0
35200162,180,35,108,0
35200163,175,30,124,0
35200164,65,10,33,0
35200165,155,10,95,0
35200166,215,35,118,0
35200167,270,115,130,25
35200173,85,15,40,0
35200174,150,20,83,0
35200175,190,30,70,0
35200176,120,20,57,0
35200177,105,25,63,0
35200178,175,15,107,0
35200179,250,45,0,0
35200180,90,55,37,44
35200181,105,20,57,0
35200182,90,45,65,0
35200183,130,35,57,0
35200186,150,55,87,0
35200187,120,50,55,0
35200188,205,40,115,0
35200189,120,35,55,0
35200190,120,15,45,0
35200193,120,20,30,0
35200196,155,40,39,0
35200197,120,10,60,0
35200198,145,0,78,0
35200199,235,0,100,0
35200200,165,0,83,0
35200201,140,35,73,0
35200202,175,15,83,0
35200203,360,115,270,0
35200204,165,10,112,0
35200205,140,10,75,0
35200206,130,20,40,0
35200207,75,10,27,0
35200208,155,0,70,0
35200209,125,0,65,0
35200210,105,40,81,0
35200211,105,25,60,0
35200212,95,25,48,0
35200213,160,25,65,0
35200214,175,35,60,0
35200215,110,20,55,0
35200216,130,60,47,0
35200217,95,45,45,0
35200218,145,40,82,0
35200219,140,25,73,0
35200220,130,0,53,0
35200221,1590,1130,1200,25
35200222,315,70,175,0
35200223,120,15,52,0
35200224,210,60,85,0
35200232,65,205,40,0
35200233,95,20,48,0
35200234,120,15,53,0
35200235,110,40,40,0
35200236,125,15,60,0
35200237,115,20,68,0
35200238,75,35,43,0
35200239,60,25,30,0
35200242,125,10,75,0
35200243,140,0,52,0
35200244,120,0,67,0
35200245,215,20,117,0
35200246,120,25,55,0
35200249,200,25,120,0
35200250,115,30,53,0
35200251,90,0,45,0
35200252,190,0,70,0
35200253,105,100,65,90
35200254,235,15,100,0
35200255,155,15,65,0
35200256,95,160,29,62
35200260,130,40,35,0
35200261,140,45,73,0
35200262,160,15,50,0
35200263,105,10,38,0
35200264,135,25,72,0
35200265,150,30,58,0
35200266,175,25,44,0
35200267,430,80,215,0
35200268,220,35,125,0
35200269,225,40,115,0
35200271,50,735,0,80
35200272,15,750,0,20
35200273,530,955,400,20
35200275,140,15,48,0
35200278,115,15,40,0
35200279,205,10,113,0
35200280,10,305,0,0
35200281,35,150,13,0
35200284,105,225,79,0
35200288,120,30,50,0
35200289,200,30,92,0
35200290,165,35,85,0
35200291,180,20,87,0
35200292,70,95,35,0
35200293,730,175,335,0
35200294,130,20,47,0
35200297,100,30,60,0
35200298,210,135,97,0
35200300,20,405,0,0
35200301,120,35,57,0
35200302,230,40,100,0
35200303,55,15,20,0
35200304,170,55,85,0
35200305,160,45,105,0
35200306,145,35,82,0
35200307,65,25,30,0
35200308,200,0,82,0
35200309,335,315,230,39
35200310,120,75,78,0
35200313,,,0,0
35200315,490,50,158,0
35200316,540,155,282,0
35200317,160,70,90,0
35200318,145,0,93,0
35200319,140,20,78,0
35200320,160,185,72,141
35200321,200,45,82,0
35200322,100,35,50,0
35200323,145,210,90,155
35200324,285,20,180,0
35200325,90,0,57,0
35200326,185,20,90,0
35200327,95,10,67,0
35200328,115,10,45,0
35200329,120,25,60,0
35200330,160,15,77,0
35200331,120,10,48,0
35200332,140,20,50,0
35200333,150,30,73,0
35200334,145,25,67,0
35200335,140,25,80,0
35200336,135,30,65,0
35200337,125,15,65,0
35200338,135,15,57,0
35200339,15,195,0,171
35200352,450,255,255,0
35200355,135,30,80,0
35200357,140,25,70,0
35200358,135,15,68,0
35200359,165,0,103,0
35200360,130,20,60,0
35200361,115,20,67,0
35200362,150,35,68,0
35200363,135,0,45,0
35200364,225,495,160,0
35200366,50,230,0,0
35200368,110,40,63,0
35200370,125,10,63,0
35200371,165,10,75,0
35200372,110,0,68,0
35200373,75,15,25,0
35200374,200,40,59,0
35200375,105,15,50,0
35200376,165,0,60,0
35200377,175,15,88,0
35200378,85,0,28,0
35200379,145,0,48,0
35200380,170,15,75,0
35200381,130,250,85,0
35200382,80,240,25,0
35200383,90,130,60,0
35200384,160,15,50,0
35200385,90,10,33,0
35200386,235,0,71,0
35200387,110,20,35,0
35200388,225,25,117,0
35200389,115,170,58,20
35200391,115,45,48,0
35200392,115,0,35,0
35200393,265,30,108,0
35200394,160,35,80,0
35200395,125,35,57,0
35200396,155,10,60,0
35200397,10,430,0,240
35200400,95,0,52,0
35200401,150,0,75,0
35200402,125,30,65,0
35200404,170,25,120,0
35200405,90,60,60,28
35200406,110,20,53,0
35200407,125,10,75,0
35200408,165,25,75,0
35200409,100,15,53,0
35200410,40,325,20,0
35200411,45,285,27,0
35200412,10,615,0,71
35200413,115,290,89,0
35200414,15,375,0,0
35200415,115,0,40,0
35200416,155,0,63,0
35200417,150,220,73,0
35200418,0,425,0,124
35200420,195,60,90,0
35200421,95,15,55,0
35200422,140,60,78,0
35200423,10,315,0,0
35200426,90,70,42,0
35200427,115,60,75,0
35200428,70,85,42,0
35200429,15,185,0,0
35200430,140,35,77,0
35200431,125,60,70,0
35200432,105,20,75,0
35200433,115,45,62,0
35200434,110,25,55,0
35200435,125,55,80,0
35200436,85,210,35,92
35200437,125,20,65,0
35200438,145,30,95,0
35200439,115,15,75,0
35200440,120,40,48,0
35200442,35,135,0,0
35200443,55,160,30,15
35200444,95,25,40,0
35200445,145,0,105,0
35200449,80,95,33,0
35200450,130,10,63,0
35200451,100,0,58,0
35200452,190,35,75,0
35200453,225,20,120,0
35200454,75,280,35,0
35200455,140,15,70,0
35200456,0,475,0,0
35200459,90,40,40,0
35200460,10,180,0,0
35200463,60,235,33,87
35200464,80,170,21,0
35200465,170,65,100,0
35200466,170,25,113,0
35200467,180,40,67,0
35200468,210,15,98,0
35200469,20,180,12,0
35200470,0,255,0,0
35200471,10,650,0,51
35200472,205,80,155,0
35200475,105,105,45,0
35200478,135,40,70,0
35200479,170,45,100,0
35200480,120,15,72,0
35200481,110,40,55,0
35200482,120,70,104,0
35200483,100,90,55,0
35200484,15,310,15,44
35200488,115,60,78,0
35200489,30,140,25,0
35200490,105,25,45,0
35200491,90,20,55,0
35200492,75,30,35,0
35200493,75,25,38,0
35200494,150,15,105,0
35200495,140,30,101,0
35200497,55,230,30,0
35200498,115,65,43,40
35200499,120,285,58,0
35200505,85,80,55,30
35200506,135,20,105,0
35200510,115,55,84,0
35200511,160,40,110,0
35200512,175,0,107,0
35200513,155,15,107,0
35200514,170,15,121,0
35200515,145,25,100,0
35200516,150,50,97,0
35200517,125,70,85,0
35200518,135,70,95,0
35200519,130,55,88,25
35200520,165,40,105,0
35200521,190,60,122,0
35200522,185,55,90,0
35200523,155,55,105,0
35200524,120,100,60,45
35200525,130,25,43,0
35200529,200,155,118,25
35200531,140,130,82,0
35200532,135,45,80,0
35200533,100,10,53,0
35200534,175,15,95,0
35200535,75,105,50,0
35200536,205,305,130,36
35200538,690,130,405,0
35200539,250,50,125,0
35200540,100,20,85,0
35200541,305,80,192,0
35200542,100,20,53,0
35200545,,,0,0
35200561,245,50,132,0
35200562,140,45,67,0
35200563,145,20,65,0
35200564,165,30,63,0
35200565,155,45,80,0
35200566,190,55,117,0
35200567,155,40,98,0
35200568,155,35,85,0
35200569,150,80,126,0
35200570,165,30,93,0
35200571,170,70,103,0
35200572,175,50,124,0
35200573,165,35,93,0
35200574,100,85,50,0
35200575,170,25,60,0
35200576,220,35,92,0
35200577,195,20,102,0
35200578,115,30,58,0
35200579,170,120,88,0
35200580,135,40,72,0
35200581,100,45,62,0
35200582,205,105,95,20
35200583,125,225,65,103
35200584,125,40,72,0
35200585,120,55,80,0
35200586,160,50,110,0
35200587,215,70,132,0
35200588,190,165,92,68
35200589,220,60,160,0
35200590,165,45,119,0
35200591,190,10,123,0
35200593,210,95,125,0
35200594,195,25,150,0
35200595,135,45,72,0
35200596,165,290,115,0
35200597,150,15,95,0
35200598,30,165,0,70
35200599,140,125,97,52
35200600,135,30,95,0
35200601,125,45,73,0
35200602,155,30,78,0
35200603,180,115,139,0
35200604,195,35,130,0
35200605,210,35,128,0
35200606,120,100,78,0
35200610,105,15,55,0
35200611,165,25,90,0
35200612,235,25,170,0
35200639,125,555,63,65
35200640,115,80,75,0
35200641,190,275,78,0
35200642,125,55,67,25
35200643,145,70,77,0
35200644,145,25,90,0
35200645,115,80,75,0
35200646,135,30,95,0
35200647,100,150,58,0
35200648,170,255,105,0
35200649,155,55,80,0
35200650,265,15,187,0
35200651,230,40,155,0
35200652,195,45,130,0
35200653,130,45,95,0
35200654,605,85,460,0
35200655,145,70,87,32
35200656,85,175,64,130
35200657,170,190,112,90
35200658,210,55,128,0
35200659,200,15,80,0
35200660,260,85,145,0
35200661,90,440,62,260
35200662,115,255,95,0
35200663,105,25,74,0
35200664,235,45,130,0
35200665,265,135,165,0
35200666,205,65,149,0
35200667,130,55,77,18
35200668,55,90,35,0
35200669,95,80,57,0
35200670,125,55,94,0
35200671,95,85,65,0
35200672,75,50,55,0
35200673,55,255,40,79
35200674,260,260,194,0
35200675,130,125,85,37
35200676,225,25,160,0
35200677,155,55,93,0
35200678,170,125,108,100
35200679,175,15,110,0
35200680,205,135,151,0
35200681,155,85,105,45
35200682,120,55,100,33
35200683,160,150,73,45
35200686,295,115,190,19
35200687,105,90,68,0
35200688,110,55,72,0
35200689,105,55,80,0
35200690,75,85,42,0
35200691,65,85,50,45
35200692,85,70,40,0
35200693,95,80,57,0
35200694,135,110,90,31
35200695,175,60,113,0
35200696,95,35,50,0
35200697,85,95,43,26
35200698,95,50,62,0
35200699,80,50,64,0
35200700,70,20,40,0
35200701,130,55,94,0
35200702,100,75,65,0
35200703,130,130,83,0
35200704,110,180,47,129
35200705,140,255,93,165
35200706,150,35,78,0
35200707,115,25,73,0
35200708,155,45,83,0
35200709,145,50,73,0
35200710,160,60,75,0
35200711,120,95,68,35
35200712,165,160,90,35
35200713,120,50,73,0
35200714,140,30,110,0
35200715,130,10,77,0
35200716,105,35,84,0
35200717,140,40,105,0
35200718,175,310,117,235
35200719,255,125,163,43
35200720,85,130,47,21
35200724,235,35,150,0
35200725,195,50,115,0
35200726,135,15,57,0
35200727,150,60,67,0
35200728,215,360,152,284
35200729,90,35,60,0
35200730,115,10,40,0
35200731,115,55,65,0
35200732,185,75,112,0
35200733,145,50,77,0
35200734,130,15,40,0
35200735,150,15,98,0
35200736,130,30,85,0
35200737,120,40,78,0
35200738,105,50,55,0
35200739,95,210,60,0
35200740,110,40,48,0
35200741,100,280,63,155
35200744,305,295,108,0
35200745,0,210,0,0
35200746,255,50,115,0
35200747,170,15,110,0
35200748,160,35,88,0
35200749,140,20,34,0
35200750,155,10,52,0
35200751,135,30,50,0
35200752,115,60,31,0
35200753,205,40,90,0
35200754,120,190,55,0
35200755,175,60,68,0
35200756,10,510,0,89
35200757,175,640,115,0
35200768,30,230,0,24
35200769,0,220,0,0
35200770,0,265,0,92
35200771,55,565,50,377
35200772,195,255,145,95
35200774,35,125,18,34
35200783,30,270,20,20
35200791,255,25,60,0
35200792,260,65,127,0
35200794,145,75,88,0
35200795,195,25,90,0
35200796,145,75,95,20
35200797,60,185,40,41
35200798,110,140,58,63
35200801,340,515,275,290
35200802,0,70,0,50
35200803,60,170,55,75
35200804,25,210,25,140
35200805,715,1290,645,445
35200806,145,140,95,65
35200807,30,90,0,38
35200808,105,145,43,55
35200809,85,65,43,0
35200810,160,175,160,90
35200811,50,245,25,184
35200812,155,90,90,48
35200813,110,90,65,52
35200814,35,565,0,64
35200815,35,220,18,179
35200821,175,200,135,55
35200822,390,155,158,0
35200826,185,425,102,175
35200827,45,190,0,117
35200828,0,280,0,145
35200829,,,0,0
35200831,265,60,175,0
35200832,675,1590,495,235
35200833,0,465,0,192
35200855,550,790,360,0
35200859,90,255,76,92
35200860,175,325,90,158
35200861,10,305,0,0
35200862,90,125,21,24
35200863,35,115,30,50
35200864,70,100,20,21
35200865,125,90,53,0
35200866,115,210,90,90
35200867,0,440,0,366
35200868,95,250,62,72
35200869,50,185,30,53
35200870,605,840,419,86
35200876,90,95,55,55
35200877,100,80,52,0
35200878,15,430,0,0
35200879,110,60,89,0
35200880,150,55,60,0
35200881,75,90,38,20
35200882,95,60,40,0
35200883,95,35,43,0
35200884,135,50,68,0
35200885,120,50,47,0
35200886,165,85,95,0
35200887,115,175,73,0
35200888,175,175,130,0
35200889,85,120,35,0
35200890,45,125,20,0
35200891,110,80,73,33
35200892,125,170,57,0
35200893,40,60,0,0
35200894,115,330,65,150
35200895,35,215,0,0
35200896,40,250,0,60
35200897,90,155,21,0
35200898,0,205,0,82
35200899,15,150,0,40
35200900,140,75,43,0
35200901,235,260,130,49
35200902,0,295,0,0
35200903,75,85,25,0
35200905,95,85,45,0
35200906,170,190,65,0
35200907,100,120,37,0
35200908,90,100,26,0
35200909,80,190,42,0
35200910,105,160,42,0
35200911,45,120,18,0
35200912,85,90,35,0
35200913,130,150,72,0
35200914,130,110,67,0
35200915,110,280,50,128
35200916,105,120,55,0
35200917,60,85,0,0
35200918,65,35,43,0
35200919,40,125,0,0
35200920,120,160,75,0
35200921,135,60,60,0
35200922,65,155,27,0
35200923,50,105,39,0
35200924,40,110,31,0
35200925,50,110,25,0
35200926,65,125,45,0
35200927,55,145,20,0
35200928,60,75,25,0
35200929,80,90,43,0
35200930,50,115,25,0
35200931,70,165,35,0
35200932,40,100,25,0
35200933,65,90,30,0
35200934,55,175,25,85
35200935,100,20,45,0
35200936,60,75,38,0
35200937,130,20,82,0
35200938,60,95,25,0
35200939,90,65,48,0
35200940,35,95,0,0
35200941,110,35,67,0
35200942,90,105,71,0
35200943,55,40,32,0
35200944,140,55,78,0
35200945,110,80,57,0
35200946,85,65,32,0
35200949,100,105,43,0
35200950,85,100,45,0
35200951,140,115,78,0
35200952,510,370,419,84
35200953,70,55,47,0
35200954,95,65,48,0
35200955,275,390,187,235
35200956,90,55,35,0
35200957,210,360,169,127
35200958,200,120,160,0
35200959,200,70,140,0
35200960,105,45,68,0
35200961,90,50,53,0
35200962,105,75,86,0
35200963,40,110,15,45
35200965,60,85,28,0
35200966,75,50,23,0
35200967,150,125,111,0
35200968,310,745,290,150
35200969,115,40,53,0
35200974,210,95,108,0
35200975,80,65,42,15
35200976,205,160,118,0
35200977,65,205,28,133
35200979,150,30,75,0
35200981,15,190,0,97
35200983,40,100,27,26
35200985,100,80,26,0
35200986,120,95,70,0
35200987,150,60,97,0
35200988,130,125,65,0
35200989,145,110,93,0
35200990,80,140,64,45
35200991,125,45,63,0
35200992,95,50,48,0
35200993,60,50,35,0
35200994,95,70,57,0
35200995,75,30,47,0
35200996,55,80,30,0
35200997,140,120,75,0
35200998,125,55,68,0
35200999,130,105,70,0
35201000,155,125,97,0
35201001,100,80,65,0
35201002,130,80,60,0
35201003,100,75,50,0
35201004,70,55,25,0
35201005,110,80,48,0
35201006,80,55,28,0
35201007,65,80,40,0
35201008,110,70,53,0
35201009,90,80,50,0
35201010,155,150,78,0
35201011,95,45,58,0
35201012,80,95,37,0
35201013,80,45,45,0
35201014,175,65,93,0
35201015,165,100,60,0
35201016,65,190,30,0
35201017,55,145,28,0
35201018,75,75,38,0
35201019,85,115,50,0
35201020,125,80,78,0
35201023,130,185,62,0
35201024,125,125,67,0
35201025,100,185,37,0
35201026,65,205,23,0
35201027,85,195,53,0
35201028,125,90,47,0
35201029,220,260,118,0
35201030,90,130,40,24
35201031,260,190,87,0
35201032,20,165,0,0
35201033,30,195,0,0
35201034,0,90,0,24
35201035,280,135,65,0
35201036,10,355,0,170
35201038,10,430,0,0
35201039,420,480,145,0
35201040,170,75,82,0
35201041,265,230,64,0
35201044,115,140,60,0
35201045,15,245,0,0
35201046,40,225,0,0
35201047,45,235,18,0
35201048,95,160,48,0
35201049,165,165,88,0
35201050,60,65,25,0
35201051,35,415,25,0
35201052,20,215,0,0
35201053,65,155,40,0
35201054,100,270,38,0
35201055,50,275,27,0
35201056,0,280,0,0
35201057,100,240,33,0
35201058,0,315,0,0
35201059,80,145,40,0
35201060,80,155,37,0
35201061,90,165,35,0
35201062,60,70,22,0
35201063,145,190,80,0
35201064,120,165,67,15
35201065,165,70,85,0
35201066,155,35,55,0
35201067,135,55,70,0
35201068,115,190,42,0
35201069,40,125,25,0
35201070,65,75,0,0
35201071,110,60,45,0
35201072,125,120,68,0
35201073,175,110,110,0
35201076,195,80,103,20
35201077,130,30,52,0
35201078,180,180,103,70
35201079,125,55,50,0
35201080,190,245,130,39
35201081,85,60,35,0
35201104,40,80,13,28
35201105,60,85,23,0
35201106,75,135,43,0
35201107,225,270,147,0
35201109,170,130,87,0
35201110,160,240,67,78
35201111,155,145,102,0
35201112,140,45,68,0
35201113,55,170,20,0
35201114,55,180,40,0
35201122,85,25,52,0
35201123,105,30,57,0
35201124,100,60,57,0
35201125,105,35,68,0
35201126,90,40,32,0
35201127,105,80,63,0
35201128,90,75,35,0
35201129,165,40,93,0
35201130,115,20,52,0
35201131,210,75,115,0
35201132,190,85,80,0
35201133,165,30,92,0
35201134,90,110,32,0
35201139,60,100,38,0
35201140,120,40,52,0
35201141,155,45,70,0
35201142,105,75,81,0
35201143,145,70,75,0
35201144,95,25,43,0
35201145,140,120,77,30
35201146,115,10,80,0
35201147,100,45,62,0
35201148,95,60,62,0
35201149,70,45,48,0
35201150,40,70,0,0
35201151,60,75,32,0
35201152,45,110,17,0
35201153,150,55,57,0
35201154,105,80,57,0
35201155,90,85,53,0
35201156,65,130,28,0
35201157,110,20,55,0
35201158,225,120,145,0
35201159,230,55,166,0
35201160,45,70,23,54
35201161,0,165,0,73
35201162,155,50,111,0
35201163,75,35,55,0
35201164,90,50,66,0
35201165,170,75,93,0
35201166,80,450,53,400
35201167,45,20,30,0
35201168,90,55,71,0
35201169,85,100,50,0
35201170,165,100,125,0
35201171,85,55,55,0
35201172,120,55,82,0
35201173,85,55,64,0
35201174,110,55,42,0
35201175,145,55,104,0
35201176,130,40,67,0
35201177,145,25,95,0
35201178,120,55,57,0
35201179,120,40,85,0
35201180,160,30,105,0
35201181,130,30,48,0
35201182,185,70,77,0
35201185,150,40,88,0
35201186,165,60,110,0
35201187,90,35,48,0
35201188,150,50,109,0
35201191,100,25,55,0
35201192,115,35,67,0
35201193,130,40,62,0
35201194,90,45,45,0
35201195,100,40,48,0
35201196,200,115,107,0
35201197,80,25,55,0
35201198,215,65,120,0
35201199,145,75,83,0
35201200,135,40,68,0
35201201,100,40,53,0
35201202,125,30,35,0
35201203,200,65,122,0
35201204,85,70,14,0
35201205,110,140,43,0
35201206,145,125,93,0
35201209,35,90,0,0
35201210,85,15,45,0
35201211,80,100,55,26
35201212,155,30,73,0
35201213,65,115,50,0
35201214,80,10,50,0
35201215,0,285,0,15
35201216,80,140,37,0
35201217,0,320,0,0
35201219,290,95,190,35
35201228,75,60,38,0
35201240,90,35,47,0
35201241,180,45,120,0
35201242,115,255,78,230
35201243,100,30,60,0
35201244,90,20,48,0
35201249,180,20,115,0
35201250,270,50,170,0
35201251,155,175,100,88
35201252,105,15,80,0
35201253,165,35,90,0
35201254,120,65,84,0
35201255,125,25,80,0
35201256,125,20,82,0
35201257,100,25,57,0
35201259,125,25,63,0
35201263,105,30,65,0
35201264,185,85,112,0
35201267,135,25,65,0
35201278,150,40,85,0
35201279,125,75,70,0
35201280,115,85,68,0
35201281,155,30,114,0
35201282,150,65,80,0
35201283,80,65,42,0
35201284,120,35,70,0
35201285,80,95,45,0
35201286,55,35,35,0
35201287,100,95,74,0
35201288,170,45,115,0
35201289,85,60,47,0
35201290,100,55,40,0
35201291,195,90,118,0
35201292,130,85,94,0
35201293,110,85,47,0
35201294,150,15,70,0
35201295,180,40,110,0
35201297,280,180,165,0
35201298,465,95,139,0
35201312,465,120,287,0
35201313,85,110,55,0
35201314,100,110,70,0
35201315,150,90,98,0
35201316,130,75,62,0
35201317,80,110,50,0
35201318,85,135,40,0
35201319,90,130,42,0
35201320,160,175,100,0
35201321,95,120,55,0
35201322,140,95,67,0
35201323,105,50,68,0
35201324,95,45,58,0
35201325,110,35,55,0
35201326,95,215,50,0
35201327,25,240,25,0
35201328,55,85,55,0
35201329,0,215,0,0
35201331,45,185,25,0
35201332,35,325,23,35
35201333,20,185,0,15
35201334,0,440,0,29
35201337,30,255,20,31
35201338,15,235,0,0
35201339,45,85,23,0
35201347,145,70,85,0
35201348,145,65,95,0
35201349,145,60,73,0
35201350,210,95,122,0
35201351,110,65,62,0
35201352,90,85,55,0
35201353,85,70,37,0
35201354,100,55,68,0
35201355,120,75,65,0
35201356,75,70,50,0
35201357,285,325,198,61
35201358,120,185,85,0
35201359,80,120,43,0
35201360,105,175,47,0
35201361,125,195,78,50
35201362,0,1010,0,20
35201363,95,65,58,0
35201364,130,70,88,0
35201365,245,120,179,0
35201368,85,45,45,0
35201369,145,105,75,0
35201370,105,35,60,0
35201371,75,95,35,0
35201372,100,95,37,0
35201373,115,25,70,0
35201374,140,145,85,0
35201375,120,155,65,0
35201376,130,200,75,0
35201377,50,110,32,0
35201378,85,205,70,0
35201379,85,205,47,0
35201380,125,90,73,0
35201381,90,100,40,0
35201383,135,35,88,0
35201384,105,45,53,0
35201387,115,185,65,72
35201388,90,140,62,0
35201389,265,65,170,0
35201390,145,70,125,0
35201391,80,30,40,0
35201393,120,90,65,0
35201394,130,80,60,0
35201395,80,115,42,0
35201396,215,520,147,252
35201397,170,55,100,0
35201398,85,35,52,0
35201399,95,60,70,0
35201400,75,40,59,0
35201401,620,275,479,0
35201402,150,120,95,0
35201403,60,85,49,0
35201404,65,170,15,87
35201405,50,55,18,0
35201406,135,115,93,0
35201407,325,235,231,0
35201408,115,80,52,0
35201409,115,70,58,0
35201410,120,40,85,0
35201411,140,90,97,0
35201412,65,65,35,0
35201413,100,60,35,0
35201414,95,110,38,0
35201415,75,80,52,0
35201416,65,195,51,60
35201417,70,85,35,0
35201418,85,110,48,0
35201419,85,75,40,0
35201420,100,105,37,0
35201421,50,145,0,0
35201422,140,80,55,0
35201423,80,115,30,25
35201426,115,90,50,0
35201427,145,80,53,0
35201428,145,145,65,0
35201429,85,115,48,0
35201430,120,50,78,0
35201431,75,70,43,0
35201432,170,80,85,0
35201433,175,135,67,0
35201434,125,95,55,0
35201435,85,95,50,0
35201436,95,150,45,50
35201437,85,105,40,25
35201438,140,70,90,0
35201439,90,100,45,25
35201440,120,105,55,0
35201441,105,75,63,0
35201442,220,170,140,0
35201443,90,65,40,0
35201444,85,125,50,0
35201445,60,80,28,0
35201446,30,90,0,0
35201447,85,40,45,0
35201448,80,90,35,0
35201449,95,45,40,0
35201451,70,125,32,0
35201452,295,425,240,0
35201459,30,205,15,35
35201460,75,230,50,0
35201461,,,0,0
35201463,35,525,23,20
35201464,20,375,0,135
35201466,185,85,130,0
35201467,140,100,95,0
35201468,40,70,20,0
35201469,785,440,640,0
35201471,80,310,40,34
35201477,125,25,70,0
35201478,145,35,75,0
35201479,115,75,65,47
35201480,105,55,67,0
35201481,90,90,50,0
35201482,170,50,83,0
35201483,135,65,52,0
35201485,140,75,60,0
35201486,120,70,47,0
35201487,245,20,150,0
35201488,200,25,92,0
35201489,125,35,75,0
35201490,155,0,72,0
35201491,105,125,55,0
35201492,140,50,82,0
35201493,230,20,143,0
35201494,195,75,100,0
35201495,280,10,90,0
35201496,405,350,94,0
35201497,165,45,80,0
35201498,125,0,45,0
35201499,175,0,90,0
35201500,185,0,88,0
35201501,200,25,105,0
35201502,200,35,85,0
35201503,190,10,78,0
35201504,145,0,57,0
35201505,155,30,75,0
35201506,225,30,95,0
35201507,295,80,102,0
35201508,250,35,115,0
35201509,180,0,87,0
35201510,195,10,85,0
35201511,210,10,108,0
35201512,205,20,75,0
35201513,185,20,77,0
35201514,160,135,70,0
35201515,185,20,100,0
35201516,255,10,145,0
35201517,165,25,92,0
35201518,160,40,62,0
35201519,475,100,340,0
35201520,190,80,139,0
35201521,220,40,140,0
35201522,105,190,45,85
35201523,125,35,50,0
35201524,140,50,77,0
35201525,120,65,55,0
35201526,560,165,375,0
35201532,150,140,115,0
35201541,180,85,118,0
35201542,160,35,90,0
35201543,150,40,111,0
35201544,145,50,105,0
35201545,155,125,109,0
35201547,220,55,170,0
35201548,115,80,48,0
35201552,150,70,98,0
35201553,65,200,25,40
35201554,150,95,65,0
35201555,170,120,105,0
35201556,150,205,60,0
35201557,20,245,0,0
35201558,200,55,120,0
35201559,125,240,77,127
35201560,70,120,45,0
35201563,65,125,45,0
35201564,95,80,43,0
35201565,55,150,41,0
35201566,155,50,95,0
35201567,215,40,130,0
35201568,110,135,90,0
35201569,110,115,58,0
35201570,60,110,40,0
35201571,150,35,72,0
35201572,125,95,57,0
35201573,50,530,30,20
35201574,100,125,47,0
35201575,175,170,121,0
35201576,445,210,355,0
35201577,125,70,75,0
35201578,100,75,50,0
35201579,300,175,165,0
35201580,80,100,55,0
35201581,135,260,82,72
35201582,110,75,35,0
35201583,235,35,135,0
35201584,145,20,60,0
35201585,150,35,104,0
35201586,85,85,30,0
35201587,170,10,98,0
35201588,135,95,57,0
35201589,220,35,115,0
35201590,150,85,67,0
35201591,145,60,80,0
35201592,120,40,65,0
35201593,110,30,50,0
35201594,130,25,50,0
35201595,230,55,145,0
35201596,205,45,83,0
35201597,210,40,95,0
35201598,130,15,65,0
35201599,200,0,115,0
35201600,120,185,50,34
35201601,190,165,135,0
35201602,145,10,65,0
35201603,165,15,95,0
35201604,155,10,80,0
35201605,140,10,78,0
35201607,175,180,107,0
35201608,145,15,67,0
35201609,110,15,52,0
35201610,200,285,105,0
35201611,160,0,65,0
35201612,130,0,55,0
35201613,45,125,28,0
35201614,40,225,0,0
35201615,145,0,62,0
35201616,170,15,108,0
35201617,490,50,190,0
35201620,170,150,98,0
35201621,145,0,104,0
35201622,160,0,100,0
35201623,335,260,160,0
35201624,145,15,95,0
35201625,200,0,83,0
35201626,130,0,45,0
35201627,75,55,38,0
35201629,90,0,45,0
35201630,155,10,88,0
35201631,130,90,62,40
35201632,120,0,60,0
35201634,130,10,55,0
35201635,125,15,68,0
35201636,140,0,70,0
35201641,280,485,250,50
35201647,210,0,98,0
35201648,165,30,98,0
35201649,180,10,85,0
35201650,105,15,63,0
35201652,190,10,97,0
35201653,135,10,60,0
35201654,155,15,62,0
35201656,110,35,62,0
35201657,95,70,62,0
35201658,150,20,107,0
35201659,190,20,77,0
35201660,145,15,47,0
35201661,215,25,92,0
35201662,170,20,60,0
35201663,1370,715,900,0
35201664,715,185,545,0
35201665,350,55,235,0
35201666,165,20,100,0
35201667,560,360,446,0
35201670,90,110,64,0
35201672,115,70,85,0
35201673,105,65,68,0
35201674,245,115,210,0
35201675,270,80,178,0
35201676,225,60,113,0
35201690,215,10,115,0
35201691,200,10,78,0
35201692,260,55,132,0
35201693,320,15,135,0
35201694,110,210,60,0
35201695,15,220,0,0
35201696,330,425,163,0
35201697,165,0,72,0
35201698,40,255,25,0
35201699,160,0,45,0
35201700,165,125,45,0
35201701,175,0,68,0
35201702,155,15,88,0
35201703,185,10,73,0
35201704,145,0,60,0
35201705,185,0,108,0
35201706,220,0,100,0
35201707,165,15,75,0
35201708,185,25,97,0
35201709,100,15,38,0
35201710,140,10,87,0
35201711,150,0,72,0
35201712,115,0,65,0
35201713,140,0,60,0
35201714,50,425,25,0
35201717,85,305,37,168
35201718,155,0,78,0
35201719,175,10,78,0
35201720,175,30,77,0
35201721,50,110,20,0
35201722,20,365,20,0
35201723,45,90,40,0
35201724,140,20,75,0
35201725,145,265,120,0
35201726,140,25,70,0
35201728,75,470,60,85
35201730,165,0,72,0
35201731,110,60,55,0
35201732,200,60,120,0
35201734,195,0,100,0
35201735,20,95,20,85
35201736,10,345,0,220
35201737,145,105,57,0
35201738,160,0,58,0
35201739,160,10,60,0
35201740,165,0,70,0
35201741,140,20,57,0
35201744,600,145,350,0
35201748,360,120,138,0
35201749,160,0,60,0
35201750,140,30,65,0
35201751,95,0,35,0
35201752,95,0,35,0
35201753,90,0,33,0
35201754,100,10,55,0
35201755,155,15,100,0
35201756,215,10,78,0
35201757,125,10,65,0
35201758,175,0,90,0
35201759,245,20,167,0
35201760,145,0,90,0
35201761,185,0,72,0
35201762,260,20,140,0
35201779,205,665,113,268
35201781,170,15,95,0
35201782,75,0,40,0
35201783,105,15,75,0
35201784,75,175,40,0
35201785,80,100,56,0
35201786,155,15,98,0
35201787,130,30,60,0
35201788,140,20,62,0
35201789,10,335,0,29
35201790,100,40,60,0
35201791,75,225,50,20
35201792,95,20,33,0
35201793,110,15,25,0
35201802,170,0,105,0
35201803,125,0,67,0
35201804,150,0,41,0
35201805,225,0,110,0
35201806,185,10,67,0
35201807,225,20,120,0
35201816,135,10,60,0
35201817,130,15,72,0
35201818,160,15,97,0
35201819,105,40,80,0
35201820,170,20,110,0
35201822,45,265,23,0
35201823,120,20,60,0
35201824,115,35,55,0
35201825,140,55,65,0
35201826,45,105,35,0
35201827,125,25,50,0
35201828,120,25,80,0
35201829,160,15,85,0
35201830,115,40,70,0
35201831,110,15,75,0
35201832,70,15,30,0
35201833,120,30,72,0
35201834,130,40,68,0
35201835,50,390,30,80
35201838,25,240,0,0
35201839,125,20,95,0
35201840,125,30,70,0
35201841,60,215,35,175
35201842,145,45,102,0
35201843,95,60,58,0
35201844,125,50,70,0
35201845,135,20,83,0
35201846,175,65,80,0
35201847,135,15,62,0
35201848,95,35,52,0
35201849,65,165,43,0
35201850,135,15,78,0
35201851,265,300,195,0
35201852,60,30,30,15
35201853,0,170,0,160
35201854,95,340,76,247
35201855,85,20,37,0
35201856,190,455,120,381
35201857,65,235,35,20
35201858,80,50,37,0
35201859,115,40,58,0
35201860,135,25,75,0
35201861,110,30,63,0
35201862,140,55,80,0
35201863,145,65,68,35
35201864,145,50,93,0
35201868,165,95,103,37
35201869,115,20,60,0
35201872,155,45,72,0
35201874,100,220,62,20
35201875,315,50,226,0
35201876,310,225,270,108
35201877,65,15,20,0
35201879,120,0,68,0
35201880,150,10,60,0
35201881,195,20,110,0
35201882,130,35,38,0
35201883,125,115,72,31
35201884,125,35,53,0
35201885,85,35,37,29
35201886,140,50,105,0
35201887,100,20,48,0
35201888,50,220,25,0
35201889,195,40,95,0
35201890,165,95,107,20
35201892,10,295,0,0
35201893,70,50,45,0
35201894,150,35,75,0
35201895,110,30,52,0
35201896,125,25,70,0
35201900,90,40,62,0
35201901,95,30,65,0
35201902,70,120,54,0
35201903,165,320,108,20
35201904,165,20,110,0
35201905,90,35,65,0
35201906,90,30,53,0
35201907,140,20,72,0
35201908,145,15,80,0
35201909,135,10,53,0
35201912,0,200,0,175
35201913,135,10,62,0
35201914,80,10,40,0
35201915,95,25,35,0
35201919,105,50,60,0
35201920,440,80,290,0
35201935,140,20,55,0
35201936,130,35,52,0
35201937,135,15,63,0
35201938,250,15,113,0
35201939,145,20,95,0
35201940,110,40,60,0
35201950,160,10,44,0
35201951,205,20,60,0
35201952,155,15,60,0
35201953,145,25,44,0
35201955,75,175,40,136
35201958,80,145,20,0
35201959,105,180,33,0
35201960,55,305,35,0
35201961,190,170,85,60
35201962,150,45,52,0
35201963,155,25,67,0
35201964,115,30,53,0
35201965,180,25,87,0
35201966,185,15,65,0
35201967,75,15,30,0
35201968,80,60,37,40
35201969,115,10,60,0
35201970,125,0,78,0
35201971,125,15,72,0
35201972,295,105,160,42
35201973,155,75,93,54
35201976,175,35,100,0
35201977,100,315,71,102
35201979,155,15,78,0
35201983,95,10,53,0
35201984,65,100,19,100
35201985,65,10,30,0
35201986,100,25,52,0
35201987,250,20,125,0
35201988,80,10,64,0
35201989,10,185,0,0
35201992,65,70,42,0
35201993,125,180,100,0
35201996,135,10,55,0
35201997,160,0,67,0
35201998,130,20,52,0
35201999,190,160,70,0
35202000,165,35,95,0
35202001,245,435,153,213
35202002,125,105,78,0
35202003,10,375,0,40
35202004,210,55,100,0
35202005,85,95,43,0
35202006,80,45,40,0
35202007,80,80,37,0
35202013,320,445,236,25
35202016,0,345,0,20
35202017,20,1230,0,75
35202018,25,455,20,307
35202019,120,35,80,0
35202020,55,80,30,0
35202021,55,170,40,35
35202022,120,15,63,0
35202023,355,100,200,0
35202024,200,80,90,0
35202025,185,25,58,0
35202026,50,120,30,34
35202027,100,25,35,0
35202028,80,10,25,0
35202029,220,20,73,0
35202030,75,300,48,0
35202031,155,155,78,0
35202035,50,175,14,0
35202036,0,190,0,180
35202037,95,40,55,15
35202040,35,140,0,0
35202042,10,410,0,120
35202045,10,145,0,0
35202046,110,355,77,165
35202047,45,70,14,0
35202048,90,25,28,0
35202049,85,45,48,0
35202050,155,145,62,90
35202051,25,330,0,0
35202055,10,225,0,0
35202056,295,25,160,0
35202057,270,85,137,0
35202058,220,30,95,0
35202059,220,50,83,0
35202065,0,685,0,45
35202066,205,60,90,0
35202067,55,30,22,0
35202071,240,175,127,40
35202072,110,10,53,0
35202075,170,10,88,0
35202079,95,0,40,0
35202080,145,30,83,0
35202084,40,85,22,0
35202085,30,395,0,45
35202086,20,440,0,15
35202087,130,315,57,241
35202088,55,290,30,0
35202089,110,105,73,16
35202090,35,105,0,0
35202091,125,35,82,0
35202096,10,310,0,20
35202097,0,155,0,85
35202098,640,405,495,0
35202100,95,50,48,0
35202101,115,25,50,0
35202102,95,105,45,0
35202103,110,105,63,0
35202104,100,145,60,65
35202105,130,20,70,0
35202106,160,50,60,0
35202107,100,25,55,0
35202108,370,165,245,0
35202109,335,95,188,0
35202110,205,130,113,0
35202111,160,10,72,0
35202112,260,105,150,0
35202113,175,45,108,0
35202114,105,35,47,0
35202115,105,25,53,0
35202116,130,25,65,0
35202117,95,105,55,0
35202118,65,105,19,0
35202119,10,355,0,0
35202120,260,165,172,0
35202121,105,70,60,0
35202122,150,40,95,0
35202123,125,50,75,0
35202124,165,15,77,0
35202125,175,95,78,0
35202126,185,20,87,0
35202127,95,40,60,0
35202128,195,30,85,0
35202129,70,115,28,0
35202130,90,105,48,0
35202131,60,330,44,112
35202132,525,510,348,205
35202133,150,100,90,45
35202134,205,25,140,0
35202135,90,120,26,15
35202136,0,180,0,165
35202137,70,495,51,235
35202138,100,40,32,17
35202139,105,75,40,32
35202140,865,850,640,75
35202141,115,25,63,0
35202145,75,220,0,15
35202147,45,280,0,0
35202149,110,65,43,0
35202150,125,40,55,0
35202151,90,55,35,0
35202152,935,960,735,149
35202153,95,75,58,0
35202154,65,75,20,20
35202155,55,170,39,0
35202156,140,30,62,0
35202157,65,65,46,30
35202158,140,0,80,0
35202159,385,285,320,41
35202160,155,25,70,0
35202161,240,60,87,0
35202162,90,160,28,0
35202163,105,130,55,0
35202164,255,105,185,0
35202165,155,165,73,0
35202166,120,55,40,0
35202167,115,35,42,0
35202168,30,120,15,0
35202169,80,125,27,0
35202170,105,40,30,0
35202171,35,100,0,0
35202172,150,180,40,0
35202173,100,185,38,0
35202174,85,20,40,0
35202175,110,15,50,0
35202176,130,10,45,0
35202177,175,45,70,0
35202178,260,220,133,0
35202179,15,220,0,0
35202180,60,290,20,30
35202181,110,210,75,0
35202183,130,50,58,0
35202184,120,200,68,0
35202185,35,25,0,0
35202186,150,15,58,0
35202187,160,35,44,0
35202188,105,20,37,0
35202189,45,75,0,0
35202210,50,0,27,0
35202211,90,0,52,0
35202212,145,60,70,0
35202213,140,45,85,0
35202214,115,40,55,0
35202215,80,125,52,0
35202216,105,75,57,0
35202217,85,70,55,0
35202218,115,55,68,0
35202222,95,225,74,15
35202223,175,55,90,0
35202224,90,40,53,0
35202225,50,145,30,0
35202226,80,65,45,0
35202227,85,170,33,80
35202228,175,30,105,0
35202229,130,25,75,0
35202230,75,60,47,0
35202231,65,110,30,31
35202232,85,135,64,0
35202233,145,50,75,0
35202234,160,80,103,0
35202235,60,125,38,0
35202236,25,160,0,39
35202237,170,230,105,0
35202238,65,80,45,0
35202239,80,100,48,0
35202240,135,50,58,0
35202241,0,510,0,270
35202242,10,215,0,102
35202243,115,95,50,0
35202244,130,60,57,0
35202245,110,160,63,0
35202246,80,80,45,0
35202247,65,95,46,0
35202248,105,75,57,0
35202249,45,95,35,0
35202251,75,140,38,0
35202252,85,80,53,0
35202254,145,0,45,0
35202255,105,65,58,0
35202256,125,15,70,0
35202257,105,170,60,60
35202258,115,110,60,0
35202261,105,75,30,0
35202262,45,270,28,110
35202263,15,335,0,0
35202264,45,300,17,0
35202265,10,380,0,0
35202266,0,290,0,90
35202267,80,230,40,0
35202268,110,155,60,0
35202269,260,15,120,0
35202270,70,135,35,0
35202271,105,0,42,0
35202272,150,20,70,0
35202273,110,145,50,0
35202274,145,205,31,0
35202275,50,295,39,249
35202276,140,35,77,0
35202277,15,165,0,0
35202278,130,110,78,19
35202279,320,330,192,225
35202280,0,95,0,58
35202281,45,165,23,0
35202282,70,115,30,0
35202283,110,70,53,0
35202284,175,100,57,0
35202285,65,485,20,145
35202286,75,20,21,0
35202287,125,25,60,0
35202288,105,20,45,0
35202289,85,35,40,0
35202290,320,165,207,0
35202293,90,65,26,0
35202294,120,25,50,0
35202295,150,65,55,0
35202296,50,135,20,0
35202297,160,40,75,0
35202298,125,15,39,0
35202299,160,35,52,0
35202300,130,70,52,0
35202301,110,145,55,0
35202302,130,35,45,0
35202303,80,65,30,0
35202304,140,20,34,0
35202305,145,135,62,0
35202306,100,85,16,0
35202307,110,80,50,0
35202309,170,10,75,0
35202310,140,30,58,0
35202311,45,165,28,39
35202316,0,355,0,0
35202321,65,70,28,0
35202322,75,75,38,0
35202323,90,10,48,0
35202324,90,35,50,0
35202325,195,0,65,0
35202326,115,40,29,0
35202327,165,40,83,0
35202328,150,35,72,0
35202336,170,10,110,0
35202337,100,80,60,0
35202338,95,70,33,0
35202339,115,165,20,85
35202340,140,55,47,0
35202341,150,20,60,0
35202342,355,185,165,0
35202343,145,30,75,0
35202344,195,20,146,0
35202345,180,185,93,0
35202346,115,355,60,0
35202347,55,185,0,0
35202348,130,20,58,0
35202349,130,15,50,0
35202350,140,135,35,0
35202351,120,0,70,0
35202352,145,10,52,0
35202353,165,0,93,0
35202354,120,20,55,0
35202355,240,75,112,0
35202356,150,30,82,0
35202357,170,10,68,0
35202358,130,30,48,0
35202359,115,125,30,0
35202360,145,25,65,0
35202361,105,25,67,0
35202362,35,115,13,0
35202363,505,30,75,0
35202364,125,0,42,0
35202365,110,0,57,0
35202366,135,15,75,0
35202367,235,0,162,0
35202368,155,15,80,0
35202369,180,10,100,0
35202370,180,0,87,0
35202371,205,40,88,0
35202372,115,65,62,0
35202373,115,260,45,82
35202374,130,105,48,0
35202375,105,85,62,0
35202376,240,15,130,0
35202377,170,30,85,0
35202378,270,115,85,0
35202379,80,70,43,0
35202380,100,30,43,0
35202381,105,20,35,0
35202382,185,45,65,0
35202383,155,20,55,0
35202384,145,15,65,0
35202385,180,20,97,0
35202386,245,125,66,0
35202387,160,10,80,0
35202388,340,50,135,0
35202389,200,45,95,0
35202390,160,20,88,0
35202391,215,20,95,0
35202392,240,55,117,0
35202393,155,60,50,0
35202394,135,10,48,0
35202395,55,225,20,0
35202396,135,0,53,0
35202398,225,240,123,0
35202399,130,0,73,0
35202400,160,0,93,0
35202401,130,50,75,0
35202402,85,75,38,0
35202403,70,485,33,15
35202404,50,155,23,0
35202405,120,135,62,0
35202406,270,210,194,83
35202407,10,110,0,0
35202408,150,70,63,0
35202409,90,165,30,0
35202413,130,10,60,0
35202414,55,25,35,0
35202415,90,70,40,0
35202416,85,60,55,0
35202417,120,35,55,0
35202418,125,15,70,0
35202419,100,35,58,0
35202431,735,585,412,20
35202436,115,60,48,0
35202439,155,40,65,0
35202440,130,70,77,0
35202441,175,20,102,0
35202442,110,30,53,0
35202443,255,200,59,0
35202446,110,10,52,0
35202447,65,10,33,0
35202448,85,15,45,0
35202449,125,15,53,0
35202450,90,10,38,0
35202451,190,25,95,0
35202452,90,15,55,0
35202453,190,20,67,0
35202454,200,35,90,0
35202455,125,20,55,0
35202456,110,20,50,0
35202457,70,10,19,0
35202458,120,0,68,0
35202459,105,40,63,0
35202460,105,25,33,0
35202461,105,0,42,0
35202462,160,250,85,177
35202466,175,30,93,0
35202467,175,20,75,0
35202468,245,40,105,0
35202469,210,45,123,0
35202472,85,385,38,340
35202475,130,45,90,0
35202476,180,40,77,0
35202477,140,25,70,0
35202478,190,30,123,0
35202479,165,20,62,0
35202480,150,20,85,0
35202481,140,15,65,0
35202482,150,10,34,0
35202483,320,55,148,0
35202484,50,30,30,0
35202485,90,15,43,0
35202486,125,10,60,0
35202487,85,0,28,0
35202491,150,20,65,0
35202492,130,0,70,0
35202493,120,0,34,0
35202494,140,20,50,0
35202495,95,35,60,0
35202496,130,45,63,0
35202497,115,40,58,0
35202498,125,55,65,0
35202499,125,65,73,0
35202500,145,40,73,0
35202501,85,350,47,20
35202502,95,40,45,0
35202503,120,90,90,0
35202504,155,45,70,0
35202507,95,30,48,0
35202508,125,35,75,0
35202509,130,10,45,0
35202510,75,310,42,0
35202511,175,65,70,0
35202512,150,25,63,0
35202513,145,10,60,0
35202514,115,50,48,0
35202515,165,20,53,0
35202516,125,40,52,0
35202517,135,50,65,0
35202522,80,70,53,0
35202523,130,40,45,0
35202534,320,35,170,0
35202535,120,20,63,0
35202547,120,200,55,0
35202548,145,35,102,0
35202549,115,50,80,0
35202550,20,180,0,0
35202551,85,155,52,98
35202553,20,345,0,69
35202554,40,360,34,0
35202555,15,230,0,0
35202560,70,40,43,0
35202564,155,45,80,0
35202565,155,85,90,0
35202566,225,60,120,0
35202567,210,50,98,0
35202568,255,65,155,0
35202569,180,100,98,0
35202570,195,0,98,0
35202571,130,125,70,0
35202572,170,55,107,0
35202573,170,40,100,0
35202574,145,15,52,0
35202575,185,20,45,0
35202576,160,55,85,0
35202577,145,30,73,0
35202583,215,35,125,0
35202584,100,35,37,0
35202586,125,50,43,0
35202587,150,45,72,0
35202588,95,15,43,0
35202589,175,240,70,132
35202590,100,45,58,0
35202591,70,220,27,20
35202592,155,0,83,0
35202593,120,25,52,0
35202594,130,0,38,0
35202597,110,45,52,0
35202598,85,35,38,0
35202599,170,45,92,0
35202600,140,15,72,0
35202605,75,230,48,120
35202606,190,35,65,0
35202608,250,25,85,0
35202611,135,15,65,0
35202612,180,20,87,0
35202613,190,30,75,0
35202614,145,0,52,0
35202615,130,10,45,0
35202616,135,30,50,0
35202617,155,25,52,0
35202618,15,300,0,0
35202619,185,35,93,0
35202620,620,350,217,0
35202621,140,10,55,0
35202622,115,20,26,0
35202623,65,0,35,0
35202627,145,20,70,0
35202628,505,235,218,0
35202629,105,20,15,0
35202630,165,20,53,0
35202636,160,0,63,0
35202637,160,25,63,0
35202638,185,0,107,0
35202639,150,10,63,0
35202640,150,210,77,0
35202641,170,35,75,0
35202642,135,15,65,0
35202643,170,0,100,0
35202644,190,0,120,0
35202645,120,60,48,0
35202646,165,50,75,0
35202647,160,100,100,0
35202648,125,150,39,0
35202649,160,110,75,0
35202650,160,205,93,0
35202653,130,10,60,0
35202654,0,855,0,166
35202655,300,635,215,60
35202656,0,400,0,0
35202657,20,215,0,45
35202666,560,820,340,25
35202669,295,1325,224,0
35202670,10,420,0,105
35202671,675,870,418,95
35202672,290,440,197,0
35202673,345,480,183,0
35202674,225,845,153,0
35202675,165,45,92,0
35202676,210,25,105,0
35202677,150,20,95,0
35202678,130,0,67,0
35202679,175,20,102,0
35202680,165,20,90,0
35202681,130,40,94,0
35202682,185,110,108,15
35202683,100,115,53,0
35202684,150,115,67,0
35202685,155,15,80,0
35202686,145,10,75,0
35202687,175,55,80,0
35202688,260,45,120,0
35202689,195,40,130,0
35202690,140,55,70,0
35202691,210,35,115,0
35202694,165,170,124,0
35202695,140,0,65,0
35202699,105,10,35,0
35202700,190,45,83,0
35202701,165,10,77,0
35202702,915,515,525,89
35202703,85,65,38,0
35202704,135,10,53,0
35202705,705,240,191,0
35202706,40,200,30,0
35202707,140,160,53,0
35202712,80,265,47,0
35202722,325,45,220,0
35202727,0,255,0,120
35202733,15,740,0,263
35202735,15,450,0,86
35202736,0,285,0,25
35202739,245,25,88,0
35202741,85,120,45,0
35202742,95,40,55,0
35202743,0,335,0,0
35202744,10,200,0,0
35202745,160,40,93,0
35202746,80,110,53,0
35202747,190,25,70,0
35202748,50,295,27,55
35202749,95,0,42,0
35202750,60,195,35,0
35202751,130,10,63,0
35202752,135,15,60,0
35202753,140,10,67,0
35202756,165,20,63,0
35202757,130,10,75,0
35202758,135,30,90,0
35202760,220,30,118,0
35202761,140,10,60,0
35202762,290,25,102,0
35202763,125,10,50,0
35202764,125,0,60,0
35202765,175,20,73,0
35202767,140,0,50,0
35202768,160,245,82,0
35202769,75,185,33,0
35202770,115,190,70,0
35202771,155,45,60,0
35202772,155,40,80,0
35202773,160,50,53,0
35202774,120,65,70,0
35202775,170,10,95,0
35202776,180,10,62,0
35202777,165,15,55,0
35202778,160,90,83,0
35202779,160,0,70,0
35202787,215,30,80,0
35202788,345,155,127,0
35202789,115,160,58,0
35202790,515,425,197,0
35202791,55,315,30,25
35202792,25,170,0,0
35202797,160,70,85,0
35202798,135,130,60,0
35202799,240,150,60,0
35202800,85,175,30,0
35202801,165,230,40,0
35202802,130,80,25,0
35202803,215,225,108,0
35202804,180,270,40,0
35202805,145,170,36,0
35202806,210,165,112,0
35202807,370,280,275,105
35202808,120,125,77,39
35202809,80,60,35,0
35202810,75,65,35,0
35202811,250,115,145,0
35202812,220,60,123,0
35202813,115,45,24,0
35202814,140,45,72,0
35202817,720,560,318,156
35202818,570,460,225,0
35202819,290,395,147,90
35202820,745,825,395,0
35202821,110,340,42,0
35202823,375,95,107,0
35202840,0,110,0,0
35202842,70,125,54,29
35202843,45,165,27,24
35202845,95,85,65,25
35202846,80,55,55,0
35202847,30,530,17,449
35202848,40,405,29,35
35202849,15,290,0,103
35202850,195,1025,145,272
35202878,150,130,19,0
35202879,545,115,150,0
35202880,160,300,110,0
35202881,120,85,30,0
35202882,120,140,42,0
35202883,55,85,20,0
35202884,140,10,68,0
35202886,100,15,35,0
35202887,95,90,35,0
35202888,125,45,57,0
35202889,75,80,50,0
35202890,80,215,35,0
35202891,130,110,65,0
35202892,45,80,0,0
35202893,120,225,30,0
35202894,80,325,48,0
35202895,100,85,25,0
35202896,140,0,52,0
35202897,125,20,57,0
35202898,130,0,36,0
35202899,150,30,68,0
35202900,100,220,50,30
35202901,105,90,60,0
35202902,25,210,0,0
35202903,75,285,38,0
35202904,110,80,72,0
35202905,180,0,65,0
35202906,195,195,100,0
35202907,90,155,45,0
35202910,100,60,75,0
35202911,125,95,58,0
35202912,185,110,75,0
35202918,215,65,115,0
35202919,175,35,98,0
35202920,165,70,98,0
35202928,235,180,100,0
35202930,105,130,60,0
35202931,85,285,38,0
35202932,100,90,40,0
35202933,130,15,36,0
35202935,115,105,67,0
35202936,140,65,67,0
35202937,185,35,90,0
35202938,140,50,77,0
35202939,175,70,75,0
35202940,75,105,38,0
35202941,160,10,70,0
35202942,160,40,68,0
35202943,90,230,48,0
35202944,205,165,80,83
35202945,140,20,63,0
35202946,165,50,68,0
35202947,290,65,153,0
35202948,115,20,58,0
35202949,225,105,103,0
35202950,155,115,62,0
35202951,115,50,45,0
35202952,150,30,62,0
35202953,155,0,90,0
35202954,150,25,85,0
35202955,90,150,70,0
35202965,125,140,63,119
35202966,115,10,42,0
35202967,125,20,70,0
35202968,235,25,125,0
35202969,130,30,77,0
35202970,25,125,0,63
35202971,185,40,97,0
35202972,160,20,58,0
35202973,145,15,60,0
35202974,125,10,55,0
35202975,105,25,45,0
35202976,125,25,47,0
35202977,55,105,15,79
35202982,115,10,42,0
35202983,105,125,55,0
35202985,60,75,18,0
35202986,140,55,40,0
35202987,165,0,70,0
35202988,165,0,93,0
35202989,155,10,67,0
35202990,170,285,65,0
35202991,225,225,117,0
35202992,190,0,70,0
35202993,265,20,71,0
35202994,110,0,42,0
35202995,105,10,40,0
35202996,220,0,102,0
35202997,215,10,75,0
35202998,180,35,62,0
35202999,165,15,53,0
35203000,250,0,108,0
35203001,100,115,47,0
35203002,105,245,65,0
35203003,130,45,50,0
35203004,205,10,59,0
35203005,205,0,90,0
35203006,155,0,75,0
35203007,200,10,85,0
35203008,175,10,98,0
35203009,165,0,60,0
35203015,100,0,47,0
35203016,180,60,45,0
35203018,55,20,23,0
35203026,175,65,140,0
35203027,180,30,135,0
35203028,130,10,65,0
35203029,65,10,43,0
35203030,105,15,55,0
35203031,275,50,165,0
35203032,80,20,61,0
35203033,90,15,50,0
35203034,20,15,0,0
35203035,75,125,65,0
35203036,90,30,53,0
35203037,125,40,77,0
35203038,200,80,130,0
35203039,85,40,35,0
35203040,85,10,40,0
35203041,170,50,120,0
35203042,100,95,70,0
35203043,110,15,55,0
35203044,60,15,23,0
35203045,125,35,37,0
35203046,90,30,45,0
35203047,140,45,99,0
35203048,100,45,60,0
35203049,60,15,32,0
35203050,45,50,9,0
35203051,165,60,120,0
35203052,40,10,40,0
35203053,190,135,140,101
35203054,295,40,210,0
35203055,85,120,64,40
35203056,15,300,0,36
35203057,15,390,0,35
35203058,125,25,75,0
35203059,110,15,60,0
35203060,55,30,20,0
35203061,150,50,70,0
35203064,100,50,76,0
35203071,100,10,53,0
35203072,105,20,60,0
35203073,85,20,47,0
35203074,105,25,50,0
35203075,95,180,79,55
35203077,95,20,53,0
35203079,55,30,39,0
35203080,75,50,40,0
35203081,65,45,33,0
35203082,95,25,60,0
35203086,195,70,105,0
35203093,185,20,90,0
35203094,150,15,92,0
35203095,220,10,117,0
35203096,205,20,154,0
35203097,135,25,85,0
35203098,120,25,48,0
35203102,140,0,43,0
35203105,110,15,50,0
35203107,225,20,93,0
35203108,230,0,103,0
35203109,265,105,150,0
35203110,170,0,85,0
35203111,155,25,78,0
35203112,155,0,55,0
35203113,90,0,40,0
35203126,210,40,102,0
35203127,150,335,53,0
35203128,90,70,60,0
35203129,30,155,0,0
35203130,15,195,0,0
35203131,60,610,50,15
35203132,0,215,0,0
35203133,25,125,13,0
35203134,20,200,0,0
35203135,170,15,98,0
35203136,165,20,57,0
35203137,240,20,108,0
35203138,120,25,63,0
35203139,180,0,93,0
35203140,250,10,115,0
35203141,155,10,78,0
35203142,160,10,80,0
35203143,35,235,18,0
35203144,0,265,0,0
35203146,220,250,85,0
35203147,235,145,90,20
35203148,100,100,35,0
35203149,335,245,120,0
35203150,170,25,88,0
35203151,150,15,80,0
35203152,150,115,68,0
35203153,160,75,75,0
35203154,145,50,85,0
35203156,0,195,0,98
35203157,2805,3075,2421,191
35203160,755,775,625,129
35203161,0,180,0,103
35203162,340,150,193,0
35203163,195,70,90,0
35203167,35,110,25,21
35203170,105,230,81,0
35203174,250,30,79,0
35203176,925,1325,759,195
35203177,580,710,454,35
35203183,120,110,58,53
35203184,170,80,134,35
35203185,,,0,0
35203190,425,250,301,0
35203191,90,40,55,0
35203192,160,145,124,35
35203193,130,95,95,25
35203194,160,75,83,0
35203195,85,300,69,185
35203196,95,35,79,0
35203197,165,60,108,30
35203198,100,55,60,25
35203199,170,130,115,70
35203200,155,160,97,30
35203201,160,105,130,0
35203202,105,60,63,0
35203203,90,55,65,0
35203204,95,40,53,0
35203208,115,45,60,0
35203209,125,130,63,75
35203210,75,40,48,0
35203211,90,30,60,0
35203212,130,45,77,0
35203213,100,105,60,43
35203214,185,80,130,0
35203216,30,55,24,35
35203217,155,90,110,0
35203218,160,135,125,35
35203219,115,65,65,0
35203220,105,90,60,0
35203221,155,30,109,0
35203222,160,80,95,0
35203223,45,40,23,0
35203224,125,40,77,0
35203225,130,30,75,0
35203226,170,60,115,0
35203227,105,140,85,35
35203228,165,180,100,0
35203229,145,65,60,0
35203230,135,195,58,24
35203231,160,225,90,0
35203232,120,245,80,0
35203233,155,145,92,0
35203234,120,230,60,20
35203235,150,75,97,0
35203236,190,100,120,0
35203237,190,25,120,0
35203238,135,55,65,0
35203239,125,185,55,0
35203240,390,30,132,0
35203241,90,190,55,0
35203242,170,45,115,0
35203243,130,40,60,0
35203244,85,120,40,0
35203245,140,35,85,0
35203246,175,0,103,0
35203247,195,70,102,0
35203248,220,45,135,0
35203249,195,20,115,0
35203250,195,70,133,0
35203251,120,105,84,20
35203252,195,30,70,0
35203253,90,60,69,0
35203254,125,125,70,63
35203255,150,65,98,0
35203256,185,35,154,0
35203257,90,345,43,300
35203258,170,30,72,0
35203259,170,20,97,0
35203260,125,40,80,0
35203261,210,20,125,0
35203263,120,25,72,0
35203264,135,40,106,0
35203265,150,35,93,0
35203266,135,20,68,0
35203267,190,35,155,0
35203268,215,30,120,0
35203269,155,60,97,0
35203270,20,0,12,0
35203271,150,30,77,0
35203273,400,20,299,0
35203274,30,380,0,15
35203275,70,410,50,305
35203276,160,45,120,0
35203277,150,25,90,0
35203278,135,35,80,0
35203279,210,20,88,0
35203280,115,40,55,0
35203281,100,40,45,0
35203282,105,30,67,0
35203283,145,15,73,0
35203284,110,45,62,0
35203285,150,55,93,0
35203286,95,135,38,104
35203287,120,25,70,0
35203288,285,55,185,0
35203289,240,30,140,0
35203290,10,230,0,15
35203291,25,350,0,125
35203292,100,0,63,0
35203293,55,0,0,0
35203294,185,15,102,0
35203296,110,0,45,0
35203297,125,35,77,0
35203298,160,15,103,0
35203299,130,40,65,0
35203300,115,30,89,0
35203301,130,15,95,0
35203314,195,0,125,0
35203315,105,75,60,0
35203316,130,10,85,0
35203317,180,10,103,0
35203318,240,0,145,0
35203321,140,15,55,0
35203322,220,0,108,0
35203323,130,10,85,0
35203324,95,80,45,66
35203330,15,355,0,120
35203331,40,280,20,92
35203332,120,20,75,0
35203333,180,40,129,0
35203334,75,70,35,0
35203337,80,20,47,0
35203338,120,0,75,0
35203339,110,20,85,0
35203340,120,565,50,350
35203342,460,190,111,0
35203344,80,40,55,0
35203345,100,40,43,0
35203346,80,20,40,0
35203347,80,15,35,0
35203348,30,235,24,88
35203350,0,590,0,392
35203351,130,25,75,0
35203352,20,135,20,0
35203353,110,35,62,0
35203354,100,55,63,0
35203355,85,30,61,0
35203356,155,35,107,0
35203357,75,25,59,0
35203358,120,25,73,0
35203359,100,25,55,0
35203360,50,30,45,0
35203361,115,45,70,0
35203370,205,345,135,0
35203371,45,450,28,160
35203372,50,335,32,0
35203373,85,25,60,0
35203374,150,35,75,0
35203375,85,15,45,0
35203376,75,10,40,0
35203377,135,20,68,0
35203378,195,20,83,0
35203379,165,30,58,0
35203380,115,35,48,0
35203381,130,35,65,0
35203382,130,15,58,0
35203383,105,20,57,0
35203384,125,35,63,0
35203385,125,15,65,0
35203386,175,30,75,0
35203387,120,40,73,0
35203388,140,45,57,0
35203389,100,50,55,0
35203391,130,30,50,0
35203392,45,0,27,0
35203393,205,110,123,24
35203394,30,310,0,240
35203395,145,35,88,0
35203396,95,30,79,0
35203399,180,10,112,0
35203400,130,20,65,0
35203401,85,15,38,0
35203402,25,105,0,0
35203404,125,435,80,25
35203405,30,215,20,0
35203406,130,315,53,26
35203407,135,50,100,0
35203408,550,85,378,0
35203409,125,25,58,0
35203410,90,20,50,0
35203411,285,160,157,0
35203412,150,35,90,0
35203413,110,10,70,0
35203414,120,35,55,0
35203415,110,40,57,0
35203416,125,65,73,0
35203417,150,40,80,0
35203418,135,60,83,0
35203419,100,70,50,0
35203420,200,30,87,0
35203421,130,125,80,0
35203422,125,55,82,0
35203423,155,35,103,0
35203427,175,35,120,0
35203435,250,40,181,0
35203439,100,110,57,0
35203440,130,65,92,0
35203441,110,30,70,0
35203442,90,20,53,0
35203443,85,55,60,0
35203444,75,185,48,0
35203445,135,55,100,0
35203446,130,50,88,0
35203447,170,45,105,0
35203448,80,285,52,255
35203449,25,390,13,0
35203450,45,150,30,0
35203451,165,40,100,0
35203452,110,310,50,188
35203458,100,70,55,0
35203461,190,15,125,0
35203462,130,40,75,0
35203463,135,30,40,0
35203465,220,315,135,25
35203466,240,305,120,0
35203467,115,35,65,0
35203468,135,40,60,0
35203469,120,95,63,0
35203470,15,305,15,0
35203471,15,215,0,0
35203472,55,225,30,194
35203479,95,35,45,0
35203480,135,20,100,0
35203483,165,60,95,0
35203484,160,45,110,0
35203485,120,15,95,0
35203486,70,255,28,155
35203489,140,75,72,0
35203490,165,60,63,0
35203491,145,60,88,0
35203492,80,70,24,0
35203493,210,40,156,0
35203494,155,35,75,0
35203495,115,35,75,0
35203496,125,60,68,0
35203498,145,35,102,0
35203501,110,25,75,0
35203502,140,55,90,0
35203503,1005,175,815,0
35203504,70,10,50,0
35203505,125,70,90,0
35203506,185,50,144,0
35203507,105,20,68,0
35203508,205,35,130,0
35203509,130,95,85,0
35203510,35,225,25,175
35203511,160,60,102,0
35203512,140,60,85,0
35203513,105,70,65,32
35203519,335,10,150,0
35203520,130,850,70,40
35203521,385,55,233,0
35203522,230,60,169,0
35203523,85,60,45,0
35203524,130,25,65,0
35203525,135,25,80,0
35203526,135,25,72,0
35203527,300,65,185,0
35203528,130,45,72,0
35203529,145,40,87,0
35203530,130,50,78,0
35203531,135,45,68,0
35203532,160,35,75,0
35203533,120,25,80,0
35203534,120,25,52,0
35203535,85,50,40,0
35203536,105,30,55,0
35203537,145,35,80,0
35203538,110,30,73,0
35203539,95,85,63,0
35203540,105,45,48,0
35203541,115,250,67,0
35203542,30,180,0,40
35203543,165,35,103,0
35203544,160,20,70,0
35203545,155,35,100,0
35203546,155,40,100,0
35203547,145,75,75,0
35203548,85,180,38,0
35203552,105,85,80,0
35203554,80,65,47,0
35203561,65,350,43,0
35203566,470,270,310,0
35203567,125,90,70,20
35203568,135,275,82,175
35203569,135,25,82,0
35203570,135,70,80,0
35203571,125,30,70,0
35203572,115,25,89,0
35203573,160,55,108,0
35203574,170,55,92,0
35203575,205,20,128,0
35203576,125,25,60,0
35203577,130,20,45,0
35203578,140,45,95,0
35203579,145,15,85,0
35203580,15,380,0,0
35203581,90,15,55,0
35203584,0,290,0,44
35203585,140,30,72,0
35203586,110,20,70,0
35203587,120,30,60,0
35203588,165,35,115,0
35203589,175,55,126,0
35203590,425,90,213,0
35203591,80,240,55,0
35203592,180,85,87,0
35203593,95,10,50,0
35203594,225,40,113,0
35203595,155,30,90,0
35203596,100,15,60,0
35203597,115,30,53,0
35203599,140,125,88,0
35203600,85,15,50,0
35203604,190,30,102,0
35203605,165,50,116,0
35203606,140,35,106,0
35203607,180,65,134,0
35203608,135,50,80,0
35203610,195,15,80,0
35203611,120,20,65,0
35203612,120,25,50,0
35203613,220,30,130,0
35203614,100,10,48,0
35203615,100,20,43,0
35203616,110,50,65,30
35203617,35,240,15,0
35203618,655,285,357,60
35203619,150,25,65,0
35203620,130,65,72,0
35203621,275,45,153,0
35203622,145,180,90,0
35203623,215,25,87,0
35203626,120,20,42,0
35203627,185,25,75,0
35203628,120,15,70,0
35203629,70,15,28,0
35203630,75,25,20,0
35203631,125,10,50,0
35203632,180,0,78,0
35203633,140,10,55,0
35203634,145,10,87,0
35203635,180,10,130,0
35203636,50,190,28,0
35203637,80,40,60,0
35203640,150,10,72,0
35203641,115,0,50,0
35203649,,,0,0
35203650,355,135,195,65
35203651,160,25,102,0
35203652,100,20,68,0
35203653,180,40,136,0
35203654,100,35,81,0
35203655,95,40,75,0
35203656,230,45,152,0
35203657,140,20,109,0
35203658,90,40,74,0
35203659,130,335,90,35
35203660,100,10,75,0
35203661,210,25,159,0
35203664,25,325,17,31
35203666,55,65,41,45
35203668,185,25,125,0
35203669,230,25,140,0
35203670,305,65,255,0
35203672,120,25,78,0
35203673,70,10,40,0
35203675,195,25,113,0
35203676,195,0,107,0
35203677,160,10,80,0
35203678,85,0,57,0
35203679,105,0,50,0
35203680,150,0,50,0
35203681,165,0,60,0
35203682,245,25,108,0
35203683,125,10,65,0
35203684,260,75,120,38
35203685,140,10,57,0
35203686,120,0,50,0
35203687,235,65,179,0
35203688,170,45,80,0
35203689,175,15,88,0
35203690,135,0,77,0
35203691,270,55,135,0
35203692,135,15,75,0
35203693,160,10,65,0
35203694,135,0,65,0
35203695,165,15,105,0
35203696,105,30,57,0
35203697,90,0,45,0
35203698,150,20,40,0
35203699,115,40,73,0
35203700,165,35,112,0
35203701,115,30,52,0
35203703,125,20,55,0
35203704,90,20,52,0
35203705,105,10,58,0
35203708,315,35,190,0
35203709,110,285,65,0
35203710,150,15,93,0
35203711,105,10,45,0
35203712,125,10,72,0
35203713,195,0,115,0
35203714,155,0,102,0
35203715,100,15,65,0
35203716,175,195,103,107
35203717,,,0,0
35203718,465,25,275,0
35203719,190,10,103,0
35203720,175,0,95,0
35203721,130,0,60,0
35203722,170,0,97,0
35203723,160,0,78,0
35203724,190,10,115,0
35203725,105,70,55,0
35203726,175,0,129,0
35203729,130,0,58,0
35203730,135,0,77,0
35203731,460,60,280,0
35203732,230,0,138,0
35203733,135,10,70,0
35203734,130,0,68,0
35203735,120,0,73,0
35203736,130,10,85,0
35203737,200,20,100,0
35203738,120,35,45,0
35203739,170,10,93,0
35203740,95,0,30,0
35203743,130,15,65,0
35203744,180,40,118,0
35203745,220,25,103,0
35203746,265,55,160,0
35203747,200,30,72,0
35203748,95,25,53,0
35203751,155,10,109,0
35203752,255,40,185,0
35203753,90,10,45,0
35203754,170,30,105,0
35203755,125,20,70,0
35203756,145,0,90,0
35203757,170,30,100,0
35203758,150,15,90,0
35203759,145,10,104,0
35203760,150,0,90,0
35203761,150,15,65,0
35203762,200,30,110,0
35203766,135,385,95,334
35203786,235,20,98,0
35203787,155,95,100,0
35203788,320,20,180,0
35203789,80,20,24,0
35203790,145,20,88,0
35203791,80,20,56,0
35203792,280,335,188,45
35203793,25,15,17,0
35203794,70,155,65,30
35203796,75,120,45,0
35203798,120,30,60,0
35203799,205,50,125,0
35203800,130,25,83,0
35203801,135,50,58,0
35203802,150,60,80,0
35203803,125,75,65,0
35203807,95,85,74,0
35203808,100,55,60,0
35203809,105,55,65,0
35203810,175,30,78,0
35203811,245,60,153,0
35203812,115,290,58,147
35203813,125,45,55,0
35203815,185,40,70,0
35203816,130,30,38,0
35203817,170,60,98,0
35203818,150,160,93,0
35203819,130,20,50,0
35203820,135,160,85,48
35203828,135,15,77,0
35203829,130,35,73,0
35203830,125,85,80,0
35203833,110,125,35,0
35203834,155,255,80,0
35203835,95,55,26,0
35203836,55,95,28,0
35203837,40,50,0,0
35203838,105,90,55,0
35203841,45,205,34,0
35203842,110,60,73,0
35203843,100,90,79,0
35203844,100,155,40,0
35203845,85,90,55,0
35203846,60,60,18,0
35203847,0,160,0,90
35203848,140,75,40,0
35203849,145,125,57,0
35203850,235,250,138,60
35203851,40,120,18,0
35203852,100,25,60,0
35203853,90,65,35,0
35203857,55,850,37,55
35203858,115,75,70,33
35203859,30,125,0,0
35203860,50,160,27,0
35203861,15,180,15,0
35203864,20,295,0,0
35203865,160,65,92,0
35203866,25,260,13,0
35203867,125,60,58,0
35203868,190,40,117,0
35203869,145,80,80,0
35203870,180,15,93,0
35203871,135,50,65,0
35203872,130,25,68,0
35203873,85,0,65,0
35203876,125,25,85,0
35203877,60,145,35,87
35203878,100,260,58,152
35203880,100,55,70,0
35203881,150,230,93,75
35203882,125,15,85,0
35203883,100,85,52,0
35203884,160,50,119,0
35203885,55,155,28,58
35203886,135,60,73,0
35203887,185,40,120,0
35203888,180,175,85,0
35203889,115,10,73,0
35203890,135,75,90,0
35203891,125,70,68,27
35203892,140,130,104,43
35203893,150,85,87,0
35203895,165,30,62,0
35203897,65,235,38,168
35203898,190,30,115,0
35203899,330,50,185,0
35203908,200,220,108,0
35203909,90,15,45,0
35203910,120,0,35,0
35203911,250,45,120,0
35203912,0,230,0,0
35203913,70,25,45,0
35203914,115,250,78,0
35203915,145,130,93,105
35203916,180,35,100,0
35203917,95,10,33,0
35203919,60,15,45,0
35203921,395,75,183,0
35203922,90,15,32,0
35203925,255,40,130,0
35203926,70,0,20,0
35203927,200,20,122,0
35203928,225,0,115,0
35203929,260,20,102,0
35203930,265,50,133,0
35203931,85,0,40,0
35203932,125,20,52,0
35203933,285,30,115,0
35203936,90,0,45,0
35203937,135,10,65,0
35203938,85,15,50,0
35203939,95,0,50,0
35203940,150,35,100,0
35203943,115,20,47,0
35203945,520,40,232,0
35203946,495,1350,270,76
35203947,200,1135,85,210
35203948,455,455,297,30
35203951,75,675,43,287
35203953,270,210,235,31
35203954,2190,1045,1498,80
35203955,565,155,320,0
35203958,235,165,165,45
35203959,85,560,48,270
35203960,185,665,67,106
35203962,140,105,95,0
35203965,155,310,109,251
35203971,45,680,32,84
35203973,160,350,90,0
35203974,310,65,142,0
35203975,690,330,119,249
35203976,65,805,56,45
35203977,60,595,18,15
35203978,645,870,358,170
35203979,355,170,185,0
35203980,125,605,67,385
35203981,125,410,85,340
35203984,400,1555,320,264
35203986,45,1360,17,0
35203987,60,160,40,70
35203989,675,125,370,0
35203990,305,190,110,41
35203991,105,365,15,0
35203992,185,280,50,147
35203993,210,150,130,24
35203994,15,520,0,90
35203995,155,275,109,177
35203997,165,220,75,0
35203998,265,15,110,0
35204001,195,200,115,175
35204003,40,290,20,0
35204004,1165,855,661,0
35204005,585,55,277,0
35204006,235,440,83,336
35204007,830,130,362,0
35204009,115,510,68,15
35204010,240,195,135,0
35204011,85,510,48,313
35204012,210,90,128,0
35204013,185,1085,115,0
35204014,980,250,637,0
35204015,60,730,46,30
35204019,70,1090,35,500
35204020,20,1010,0,0
35204021,0,100,0,86
35204024,15,1385,0,145
35204027,55,445,23,0
35204028,15,810,0,35
35204029,240,95,145,0
35204030,115,425,37,0
35204032,115,445,68,25
35204033,15,880,0,305
35204034,180,145,108,0
35204038,185,60,117,0
35204039,335,320,100,0
35204040,40,285,0,0
35204041,100,750,35,25
35204042,600,115,327,0
35204043,20,700,0,0
35204045,140,745,100,0
35204047,405,25,145,0
35204052,50,670,0,30
35204053,565,610,300,31
35204054,350,335,145,281
35204055,335,530,205,435
35204056,10,590,0,328
35204057,10,335,0,15
35204058,350,200,195,0
35204059,260,500,194,137
35204061,30,635,30,130
35204064,330,380,210,25
35204065,90,530,50,35
35204066,75,730,75,0
35204067,370,45,195,0
35204068,240,725,83,15
35204069,20,615,0,30
35204070,205,185,77,0
35204072,10,1165,0,296
35204076,55,580,30,0
35204077,35,825,25,20
35204080,345,385,165,95
35204082,250,405,66,25
35204083,665,160,252,0
35204085,15,965,0,210
35204087,75,770,45,225
35204089,35,525,0,0
35204090,445,260,235,0
35204091,325,525,140,379
35204092,120,35,55,0
35204094,25,1360,0,364
35204095,920,155,408,0
35204096,110,1380,60,385
35204097,10,1145,0,19
35204098,735,40,262,0
35204100,15,1090,0,20
35204101,1400,2930,1015,832
35204106,150,150,131,0
35204107,180,20,77,0
35204109,250,605,148,521
35204113,205,620,105,0
35204114,115,245,60,230
35204115,55,550,50,0
35204116,0,565,0,395
35204119,0,650,0,86
35204120,375,155,190,50
35204124,910,1310,683,96
35204125,455,195,250,0
35204127,170,370,83,20
35204129,10,445,0,119
35204130,110,35,60,0
35204131,150,200,77,164
35204133,270,420,185,355
35204134,255,90,145,0
35204135,20,760,0,0
35204136,135,335,90,15
35204137,545,95,130,0
35204138,325,140,230,0
35204141,645,105,295,0
35204142,935,645,706,45
35204143,50,600,23,550
35204144,220,450,117,15
35204145,195,495,135,162
35204146,405,65,165,0
35204147,270,335,145,0
35204148,175,45,134,0
35204149,205,40,161,0
35204150,180,20,130,0
35204151,235,40,160,0
35204152,140,40,95,0
35204153,130,25,60,0
35204154,190,155,141,0
35204155,205,70,133,0
35204156,135,150,65,29
35204157,0,115,0,0
35204159,165,105,105,0
35204160,115,95,65,0
35204161,85,165,30,0
35204162,160,10,65,0
35204163,180,0,85,0
35204164,150,35,65,0
35204166,170,25,90,0
35204167,185,30,75,0
35204168,205,45,92,0
35204169,75,15,40,0
35204170,155,0,78,0
35204172,140,0,53,0
35204173,145,65,80,0
35204174,125,35,63,0
35204176,90,35,65,0
35204177,180,20,107,0
35204178,225,25,125,0
35204179,0,435,0,405
35204180,170,30,98,0
35204181,165,20,103,0
35204182,100,260,29,72
35204183,130,10,82,0
35204184,240,325,83,0
35204186,130,70,65,0
35204187,205,205,140,65
35204188,180,110,105,0
35204189,0,275,0,0
35204190,15,550,0,25
35204191,120,220,40,0
35204192,0,155,0,150
35204193,0,105,0,0
35204194,35,350,20,0
35204195,600,300,333,0
35204196,110,100,52,0
35204197,150,90,52,0
35204198,275,195,110,0
35204199,55,290,45,0
35204200,30,0,24,0
35204201,440,45,157,0
35204202,195,60,127,0
35204204,20,10,12,0
35204205,80,15,47,0
35204206,70,45,37,0
35204207,125,50,68,0
35204208,15,510,0,15
35204209,50,0,25,0
35204211,0,135,0,0
35204212,25,175,0,0
35204213,490,25,300,0
35204214,145,0,97,0
35204215,255,10,145,0
35204216,210,20,115,0
35204217,55,0,23,0
35204218,110,80,73,25
35204219,0,110,0,72
35204220,20,150,16,0
35204221,0,190,0,0
35204222,0,400,0,0
35204224,625,180,535,0
35204225,115,30,100,0
35204226,120,25,77,0
35204227,280,190,170,80
35204228,1045,705,844,0
35204229,685,700,521,0
35204230,915,545,600,140
35204231,210,365,174,91
35204232,295,55,249,0
35204233,75,30,40,0
35204235,165,10,63,0
35204236,200,10,102,0
35204237,145,20,98,0
35204238,225,15,132,0
35204240,510,75,197,0
35204242,590,190,388,0
35204243,50,530,23,55
35204244,95,15,38,0
35204245,125,475,90,0
35204246,60,1125,27,1040
35204249,650,60,385,0
35204250,520,505,465,0
35204251,150,45,75,0
35204252,15,385,0,0
35204253,75,0,20,0
35204254,0,205,0,25
35204255,170,55,87,0
35204256,100,15,52,0
35204257,110,415,63,20
35204258,,,0,0
35204262,105,15,55,0
35204263,105,0,63,0
35204265,430,95,155,0
35204266,45,0,20,0
35204267,225,465,132,15
35204271,315,30,125,0
35204272,255,1175,122,459
35204273,40,15,30,0
35204274,45,275,25,260
35204275,100,125,53,20
35204276,190,10,113,0
35204277,340,85,234,0
35204278,150,25,78,0
35204279,185,15,77,0
35204280,85,20,38,0
35204281,155,35,72,0
35204282,180,30,105,0
35204283,135,20,58,0
35204284,985,160,512,0
35204285,105,10,72,0
35204286,180,10,97,0
35204287,95,375,69,330
35204288,150,40,110,0
35204289,140,105,125,55
35204290,95,505,74,450
35204291,110,195,60,60
35204292,230,40,180,0
35204293,130,20,85,0
35204294,130,35,80,0
35204295,120,35,80,0
35204296,120,50,75,0
35204297,100,45,70,0
35204298,25,455,19,217
35204299,125,10,80,0
35204300,120,40,60,0
35204301,120,10,67,0
35204302,140,50,70,0
35204303,125,55,63,0
35204304,145,25,104,0
35204305,70,310,14,20
35204307,0,395,0,0
35204309,105,20,45,0
35204310,650,295,337,0
35204311,450,230,292,0
35204312,410,250,243,0
35204317,500,475,320,0
35204318,150,55,70,0
35204319,145,30,77,0
35204321,840,1075,575,30
35204322,165,15,77,0
35204323,55,160,32,0
35204324,135,65,68,0
35204325,190,45,100,0
35204326,430,180,208,0
35204327,110,40,43,0
35204328,125,25,45,0
35204329,405,610,305,31
35204330,35,455,22,25
35204331,10,340,0,30
35204332,135,20,115,0
35204333,200,735,135,265
35204334,105,15,67,0
35204335,0,410,0,285
35204336,130,10,67,0
35204337,65,165,46,119
35204338,105,10,60,0
35204339,205,155,115,0
35204340,70,210,38,90
35204341,60,0,27,0
35204342,165,15,95,0
35204343,245,30,155,0
35204344,525,80,323,0
35204345,205,10,149,0
35204346,0,370,0,25
35204348,280,375,210,0
35204352,205,345,122,180
35204353,30,690,0,197
35204355,750,190,483,0
35204356,315,570,281,20
35204357,135,20,63,0
35204358,40,190,20,55
35204359,10,365,0,59
35204360,155,275,109,64
35204361,140,20,65,0
35204362,140,25,83,0
35204363,180,30,98,0
35204364,0,305,0,0
35204365,145,20,83,0
35204366,0,90,0,85
35204367,10,1085,0,573
35204369,120,55,65,0
35204370,435,130,267,0
35204371,10,1185,0,55
35204372,15,420,0,0
35204373,285,445,158,197
35204374,180,20,108,0
35204375,150,45,77,0
35204376,125,25,77,0
35204377,125,45,68,0
35204378,115,60,52,0
35204379,120,15,73,0
35204380,40,2095,20,29
35204381,185,490,112,0
35204383,170,140,85,0
35204384,60,455,55,0
35204385,190,55,115,0
35204386,195,75,102,0
35204387,120,185,50,0
35204388,145,70,75,0
35204389,235,595,140,80
35204390,0,775,0,30
35204391,160,10,87,0
35204392,150,150,83,0
35204393,115,35,50,0
35204394,160,30,39,0
35204395,180,35,75,0
35204396,200,155,50,0
35204397,155,260,47,0
35204398,70,120,23,47
35204399,135,230,58,80
35204400,130,30,48,0
35204401,45,510,32,205
35204402,145,465,70,91
35204403,145,60,82,0
35204404,165,35,102,0
35204405,215,35,145,0
35204406,100,15,40,0
35204407,110,85,55,75
35204408,115,75,58,0
35204409,90,60,53,0
35204410,360,115,222,0
35204411,20,310,0,249
35204412,65,500,54,116
35204413,15,295,0,81
35204414,165,615,116,330
35204415,25,815,20,175
35204416,95,115,81,0
35204417,95,65,65,0
35204418,85,10,33,0
35204419,155,10,95,0
35204420,140,55,57,0
35204421,145,45,95,0
35204422,145,65,83,0
35204423,85,135,65,0
35204424,190,170,164,0
35204425,75,115,66,0
35204426,105,1015,50,120
35204427,10,405,0,25
35204430,45,320,27,35
35204431,200,20,75,0
35204433,155,10,65,0
35204434,195,0,65,0
35204435,240,15,167,0
35204438,145,20,75,0
35204439,150,25,90,0
35204440,135,30,95,0
35204441,90,110,30,0
35204442,120,40,90,0
35204443,110,60,62,0
35204444,95,55,55,0
35204445,95,65,65,0
35204446,25,195,13,120
35204447,105,75,75,0
35204448,80,260,56,51
35204449,70,85,43,0
35204450,80,70,50,0
35204451,70,95,54,0
35204452,100,80,50,0
35204453,150,205,107,80
35204455,75,250,52,0
35204456,100,345,45,49
35204457,165,25,80,0
35204458,290,280,147,0
35204460,120,50,42,0
35204461,105,80,79,24
35204462,110,70,80,27
35204465,225,265,120,0
35204466,220,760,105,0
35204467,85,615,48,131
35204468,960,380,530,148
35204469,230,725,158,80
35204470,55,1780,20,50
35204471,150,45,90,0
35204472,140,50,80,0
35204473,90,10,50,0
35204474,915,455,696,0
35204475,150,40,41,0
35204476,95,25,40,0
35204477,115,10,55,0
35204478,165,50,105,0
35204479,,,0,0
35204480,100,395,80,230
35204481,170,15,130,0
35204482,105,50,60,0
35204483,60,120,20,0
35204484,125,25,53,0
35204485,165,55,70,0
35204486,160,15,119,0
35204487,495,310,238,0
35204488,25,730,0,0
35204489,145,130,106,0
35204490,260,250,178,210
35204491,125,60,48,0
35204492,205,80,138,0
35204493,90,90,47,0
35204494,20,285,0,35
35204495,140,20,53,0
35204496,110,45,55,0
35204497,145,10,57,0
35204498,135,55,68,0
35204499,75,175,38,21
35204500,75,355,60,305
35204501,155,50,83,0
35204502,120,120,77,0
35204503,20,325,0,0
35204504,70,170,22,0
35204505,130,470,35,0
35204506,280,250,66,0
35204507,115,565,47,0
35204508,40,270,0,0
35204509,180,45,90,0
35204510,205,70,65,0
35204511,175,40,95,0
35204512,120,100,40,0
35204513,125,20,57,0
35204514,85,75,57,0
35204515,200,65,108,0
35204516,205,70,97,0
35204517,90,65,40,0
35204518,160,60,97,0
35204519,110,85,57,0
35204520,30,280,25,0
35204521,95,105,42,0
35204522,95,60,40,0
35204523,130,105,70,0
35204524,120,35,55,0
35204525,85,25,37,0
35204526,65,190,35,0
35204527,120,50,86,0
35204528,135,40,52,0
35204529,155,80,98,0
35204530,100,80,76,0
35204531,120,110,65,0
35204532,30,230,0,105
35204533,15,570,0,106
35204534,85,160,57,0
35204535,80,820,59,15
35204536,10,405,0,45
35204537,65,215,45,0
35204538,165,30,83,0
35204539,45,215,15,0
35204540,85,170,35,0
35204541,190,25,115,0
35204542,135,40,90,0
35204543,10,950,0,130
35204544,235,150,61,24
35204545,75,150,20,0
35204546,125,70,94,0
35204547,115,30,80,0
35204548,125,345,70,36
35204549,100,50,58,0
35204550,75,95,47,0
35204551,105,40,85,0
35204552,90,70,60,30
35204553,125,25,83,0
35204554,135,40,63,0
35204555,145,35,87,0
35204556,130,125,65,35
35204557,130,35,70,0
35204558,0,550,0,0
35204559,50,165,14,35
35204560,155,35,70,0
35204561,135,125,60,0
35204562,0,295,0,0
35204563,15,730,0,30
35204564,35,1300,0,595
35204565,30,845,0,65
35204566,0,260,0,0
35204567,60,2995,37,1057
35204568,155,190,92,108
35204569,180,70,115,27
35204570,160,70,97,0
35204571,75,45,32,0
35204572,70,115,47,0
35204573,170,75,105,0
35204574,235,415,194,200
35204575,155,180,97,30
35204576,150,120,85,65
35204577,175,120,118,0
35204578,605,1025,479,21
35204579,290,705,167,75
35204580,90,525,43,15
35204581,30,660,13,25
35204582,0,485,0,180
35204583,105,240,60,0
35204584,310,1155,240,274
35204585,310,250,205,80
35204586,235,360,137,0
35204587,95,35,30,0
35204589,0,680,0,20
35204590,15,755,0,544
35204591,125,740,57,0
35204592,335,790,173,134
35204593,260,715,157,0
35204594,460,850,295,0
35204595,305,400,155,34
35204596,150,300,80,0
35204597,145,180,67,0
35204598,70,455,51,0
35204599,,,0,0
35204600,0,650,0,0
35204601,65,305,45,0
35204602,340,820,200,0
35204603,185,345,30,26
35204605,230,415,115,0
35204606,1005,1495,457,15
35204607,155,830,80,0
35204608,190,275,93,61
35204609,0,180,0,120
35204610,110,460,75,55
35204611,330,160,213,0
35204612,165,295,67,105
35204613,270,485,215,25
35204614,180,615,113,293
35204615,560,1695,396,44
35204616,270,675,135,100
35204617,0,575,0,180
35204618,140,195,73,0
35204620,415,575,250,0
35204621,10,315,0,0
35204622,135,260,57,0
35204623,60,420,42,0
35204624,340,555,238,30
35204625,75,80,33,0
35204626,105,60,38,0
35204627,105,60,47,0
35204628,75,30,35,0
35204629,130,105,52,0
35204630,75,40,45,0
35204631,140,70,72,23
35204632,100,60,52,0
35204633,515,360,465,0
35204634,190,55,140,0
35204635,185,60,100,0
35204636,200,35,110,0
35204637,180,20,100,0
35204638,170,15,78,0
35204639,180,70,73,0
35204640,130,55,92,0
35204641,210,30,130,0
35204642,185,20,95,0
35204643,125,20,80,0
35204644,175,0,107,0
35204645,125,75,78,0
35204646,85,75,43,0
35204647,0,260,0,105
35204648,90,285,62,250
35204649,0,205,0,85
35204650,540,1340,307,406
35204652,375,255,210,0
35204653,950,705,362,0
35204655,510,470,290,0
35204656,300,145,140,0
35204657,115,610,55,50
35204658,110,60,79,0
35204659,25,450,15,365
35204660,60,95,23,0
35204661,45,690,27,509
35204662,15,410,0,35
35204663,55,190,22,25
35204664,85,135,65,20
35204665,110,190,62,82
35204667,120,115,75,0
35204668,360,265,89,0
35204669,0,190,0,0
35204670,165,405,44,0
35204671,235,35,40,0
35204672,325,25,118,0
35204673,110,125,40,0
35204674,170,45,100,0
35204675,695,165,253,0
35204676,2870,2325,1986,21
35204678,100,75,65,0
35204679,70,100,50,0
35204680,75,225,65,20
35204681,115,50,45,0
35204682,70,305,48,275
35204683,120,35,73,0
35204684,35,310,30,246
35204685,65,115,42,0
35204686,110,100,55,0
35204687,75,100,59,0
35204688,0,350,0,0
35204689,10,410,0,133
35204690,90,565,25,15
35204692,145,140,95,0
35204693,130,105,68,0
35204695,110,95,70,0
35204696,170,105,125,0
35204697,10,290,0,0
35204698,45,240,35,127
35204699,0,275,0,177
35204700,250,410,199,285
35204701,,,0,0
35204704,520,360,358,0
35204705,90,10,50,0
35204707,505,370,318,40
35204708,70,25,25,0
35204709,100,40,43,0
35204710,280,40,239,0
35204711,465,40,350,0
35204712,285,60,210,0
35204714,230,35,171,0
35204715,280,20,229,0
35204716,245,40,185,0
35204717,180,20,120,0
35204718,205,25,161,0
35204719,160,45,120,0
35204720,210,25,179,0
35204721,170,20,145,0
35204722,360,25,240,0
35204723,175,70,105,0
35204725,135,10,99,0
35204726,100,20,91,0
35204727,155,10,126,0
35204728,135,15,119,0
35204729,145,10,115,0
35204730,95,60,70,0
35204731,90,60,85,0
35204732,185,20,180,0
35204733,240,45,171,0
35204734,220,415,65,0
35204735,260,260,98,0
35204736,250,100,190,42
35204737,350,125,225,30
35204738,1065,1120,726,0
35204739,80,125,28,0
35204740,565,100,240,0
35204741,75,20,45,0
35204742,435,180,212,0
35204743,205,20,93,0
35204744,110,45,73,0
35204745,250,30,205,0
35204746,365,55,290,0
35204747,265,195,205,40
35204748,340,180,228,0
35204749,470,255,399,0
35204750,200,65,75,0
35204751,230,20,95,0
35204752,270,30,97,0
35204753,160,30,110,0
35204754,630,285,403,0
35204755,400,140,137,0
35204756,25,530,0,0
35204757,140,300,53,0
35204758,320,225,157,0
35204759,210,105,100,0
35204760,240,35,130,0
35204761,390,65,280,0
35204762,225,50,148,0
35204763,2640,1585,2244,0
35204764,35,0,20,0
35204765,645,200,363,0
35204766,85,135,40,0
35204767,15,395,0,35
35204768,0,395,0,25
35204769,375,55,240,0
35204770,185,155,145,67
35204771,220,45,132,0
35204772,80,770,35,95
35204773,115,125,73,0
35204774,15,355,0,30
35204775,130,80,114,0
35204776,65,310,50,0
35204777,0,330,0,20
35204778,150,15,68,0
35204779,110,10,50,0
35204780,240,25,110,0
35204781,155,30,125,0
35204785,200,25,130,0
35204786,185,20,144,0
35204787,145,10,98,0
35204788,280,35,180,0
35204789,10,560,0,125
35204790,,,0,0
35204791,255,70,170,0
35204793,380,630,270,0
35204797,305,20,175,0
35204798,250,45,162,0
35204799,290,550,220,35
35204800,85,30,33,0
35204801,185,35,118,0
35204802,100,310,80,20
35204803,20,350,0,130
35204805,35,170,25,0
35204806,90,20,53,0
35204807,180,150,115,0
35204808,265,45,160,0
35204809,40,115,35,110
35204810,130,105,109,20
35204811,0,480,0,25
35204812,0,335,0,0
35204813,270,285,195,0
35204814,330,180,202,0
35204815,465,180,240,0
35204816,415,285,248,0
35204817,415,310,288,0
35204819,1410,2855,1239,208
35204820,805,1135,654,0
35204821,540,710,434,0
35204822,540,685,390,0
35204823,220,275,164,0
35204824,375,420,290,0
35204825,350,290,195,0
35204826,725,1325,599,0
35204828,405,340,290,15
35204829,295,180,200,0
35204830,470,190,313,0
35204831,175,60,140,0
35204832,395,480,290,0
35204835,185,65,144,16
35204836,95,20,55,0
35204837,140,15,95,0
35204838,165,110,165,0
35204839,10,505,0,15
35204840,0,195,0,20
35204841,560,600,400,0
35204842,1215,2340,965,0
35204843,710,1265,485,0
35204844,655,955,531,0
35204845,725,1660,550,0
35204846,290,570,180,0
35204847,360,350,235,0
35204848,365,140,101,0
35204851,0,320,0,0
35204852,60,160,23,36
35204853,115,0,65,0
35204854,,,0,0
35204855,190,80,85,45
35204856,560,100,412,0
35204857,345,280,187,0
35204858,320,175,187,0
35204859,510,160,200,0
35204860,,,0,0
35204861,200,100,120,0
35204862,275,220,205,0
35204863,485,435,300,0
35204864,325,445,284,0
35204865,265,220,155,0
35204866,150,130,75,0
35204867,170,255,62,0
35204869,155,35,19,0
35204870,805,670,715,0
35204871,665,875,596,0
35204872,1130,1235,1015,0
35204873,370,575,265,100
35204876,10,230,0,210
35204877,0,130,0,0
35204878,,,0,0
35204879,455,140,180,0
35204880,715,390,570,0
35204881,135,60,106,0
35204882,380,825,263,0
35204883,340,950,255,0
35204884,120,45,77,0
35204885,1045,675,627,0
35204886,115,110,78,0
35204887,415,130,321,0
35204888,340,640,281,0
35204889,75,65,50,0
35204890,130,25,75,0
35204891,675,425,520,0
35204892,35,15,0,0
35204893,85,10,47,0
35204894,1570,1850,1305,0
35204895,520,1010,409,15
35204896,350,690,289,0
35204897,570,790,445,161
35204898,415,535,311,0
35204899,,,0,0
35204900,1000,1905,744,0
35204901,315,510,155,0
35204902,445,860,310,0
35204903,1230,1095,1001,0
35204904,70,200,30,0
35204905,1120,1250,876,20
35204906,125,290,65,0
35204908,985,1710,811,145
35204909,500,355,399,0
35204910,360,75,153,0
35204911,95,25,53,0
35204912,530,435,325,0
35204913,110,35,45,0
35204915,175,45,93,0
35204916,215,170,170,0
35204918,405,315,148,215
35204919,190,45,112,0
35204920,0,275,0,260
35204922,1550,1355,1204,184
35204923,285,705,182,367
35204924,165,70,75,0
35204925,230,610,148,79
35204926,205,35,108,0
35204927,0,900,0,20
35204928,10,585,0,25
35204930,0,885,0,40
35204935,50,1095,23,35
35204936,0,745,0,100
35204937,525,65,310,0
35204939,265,45,125,23
35204940,590,630,382,155
35204941,170,295,136,0
35204942,530,330,388,66
35204944,15,635,0,45
35204945,220,55,125,0
35204949,950,320,795,86
35204950,150,25,62,0
35204951,150,15,80,0
35204952,170,45,58,0
35204954,685,50,570,0
35204956,35,1120,25,111
35204957,50,95,25,0
35204958,180,20,113,0
35204960,740,205,295,0
35204965,10,355,0,0
35204966,10,230,0,0
35204968,0,330,0,0
35204969,10,545,0,35
35204970,150,85,72,0
35204977,185,425,73,0
35204978,205,195,39,0
35204979,360,305,172,0
35204981,145,500,85,75
35204982,175,65,90,0
35204984,15,355,0,315
35204985,70,1175,47,405
35204986,265,85,125,19
35204987,260,65,220,0
35204988,420,110,255,0
35204989,625,145,521,0
35204990,155,35,80,0
35204991,225,640,210,65
35204992,195,315,118,89
35204993,480,620,280,25
35204994,155,465,120,69
35204995,285,405,205,70
35204996,120,90,53,0
35204997,255,455,155,0
35204998,280,195,150,0
35204999,380,480,158,0
35205000,75,70,20,0
35205001,985,440,410,115
35205002,175,1165,44,20
35205003,300,355,197,0
35205004,215,230,128,59
35205005,150,375,75,0
35205006,160,35,131,0
35205007,695,135,458,0
35205008,415,50,142,0
35205009,430,200,245,35
35205010,190,20,100,0
35205011,955,175,291,0
35205012,0,510,0,0
35205013,0,595,0,45
35205014,280,455,158,40
35205015,330,70,228,0
35205016,150,200,100,0
35205017,25,370,0,20
35205018,75,185,40,34
35205019,15,455,0,70
35205020,100,370,57,25
35205021,475,50,288,0
35205022,30,785,20,725
35205023,775,195,445,0
35205024,0,335,0,60
35205025,185,145,125,57
35205026,120,25,94,0
35205027,580,165,459,0
35205028,40,940,22,59
35205029,60,310,42,0
35205030,160,1300,97,194
35205032,670,215,355,0
35205033,335,470,155,60
35205034,315,95,90,0
35205035,0,635,0,189
35205036,235,835,166,0
35205037,350,1170,260,373
35205038,35,685,0,30
35205039,95,360,63,35
35205040,185,20,185,0
35205041,10,505,0,49
35205043,450,175,278,0
35205044,305,120,133,0
35205047,50,720,17,258
35205048,145,120,98,0
35205049,250,95,115,0
35205051,35,800,18,355
35205052,195,25,110,0
35205053,95,490,25,15
35205054,140,435,58,25
35205055,80,110,59,16
35205057,20,920,0,130
35205059,300,275,241,107
35205060,515,915,243,230
35205061,25,360,0,0
35205062,225,595,123,40
35205063,635,1025,402,25
35205064,285,510,246,40
35205065,375,625,350,0
35205066,15,1030,0,30
35205067,970,245,390,0
35205068,345,150,192,0
35205069,480,305,380,0
